{"type":"FeatureCollection","crs":{"type":"name","properties":{"name":"EPSG:4326"}},"features":[{"type":"Feature","id":1,"geometry":{"type":"Polygon","coordinates":[[[-63.5753691179086,44.6418963642052],[-63.5757322034718,44.6417999189806],[-63.5757999660886,44.6419323637425],[-63.5757990866379,44.6419326373039],[-63.575780601106,44.6419375684392],[-63.5757041338141,44.6419579628176],[-63.5756129548127,44.6419824593277],[-63.5754363855537,44.6420300717291],[-63.5754044890729,44.6419666745923],[-63.5753691179086,44.6418963642052]]]},"properties":{"GLOBALID":"ab2e723f-a591-4eb1-ad28-f691800df2cd","OBJECTID":1,"HEIGHT":25,"SDATE":"Sat, 03 Nov 2018 00:00:00 GMT","SOURCE":"Case H00045","SACC":"IN"}},{"type":"Feature","id":2,"geometry":{"type":"Polygon","coordinates":[[[-63.5700355020632,44.6364095122935],[-63.5700955310838,44.6367568560436],[-63.5701234183834,44.6369201999452],[-63.569918865705,44.6369362251207],[-63.5699062722231,44.6367710249725],[-63.5698803755901,44.6365730067506],[-63.5698769053981,44.6365662725556],[-63.5699697615541,44.6365591471564],[-63.5699609948952,44.6364879800509],[-63.5699520943874,44.6364160937324],[-63.5700355020632,44.6364095122935]]]},"properties":{"GLOBALID":"e42d596c-81fa-4168-bd37-712320155f2d","OBJECTID":2,"HEIGHT":45,"SDATE":"Tue, 09 Nov 2004 00:00:00 GMT","SOURCE":"ORIGINAL MAP","SACC":"IN"}},{"type":"Feature","id":3,"geometry":{"type":"Polygon","coordinates":[[[-63.5929210594965,44.6545968727143],[-63.5929375345989,44.6546091937068],[-63.5931585596846,44.6547697504212],[-63.5930214255683,44.654865795144],[-63.5929504209316,44.6549155434363],[-63.5927028883584,44.6547470754084],[-63.5927769293008,44.6546980918803],[-63.5929210594965,44.6545968727143]]]},"properties":{"GLOBALID":"fbb4bc2b-b5a9-4c3e-9c35-fccae8fd84c8","OBJECTID":3,"HEIGHT":50,"SDATE":"Tue, 09 Nov 2004 00:00:00 GMT","SOURCE":"ORIGINAL MAP","SACC":"IN"}},{"type":"Feature","id":4,"geometry":{"type":"Polygon","coordinates":[[[-63.5840972354474,44.6402018436586],[-63.5841919493194,44.6403800560382],[-63.5841234608638,44.6404008089043],[-63.5841215312826,44.6403970377483],[-63.5840749958559,44.6403083298622],[-63.5840287137542,44.6402197113257],[-63.5840972354474,44.6402018436586]]]},"properties":{"GLOBALID":"bfc0667d-2646-4a74-9ce5-9bf648a04b6c","OBJECTID":4,"HEIGHT":45,"SDATE":"Tue, 09 Nov 2004 00:00:00 GMT","SOURCE":"ORIGINAL MAP","SACC":"IN"}},{"type":"Feature","id":5,"geometry":{"type":"Polygon","coordinates":[[[-63.5724003781341,44.6359497391539],[-63.5718554439131,44.6360964405142],[-63.5717712933305,44.6359325547852],[-63.5718693866646,44.635906855889],[-63.5718984345876,44.6358989678091],[-63.571967478202,44.63588106685],[-63.57198881319,44.6359221922563],[-63.572113557742,44.635888526649],[-63.5722414454991,44.6358540357776],[-63.5722315505562,44.6358350896648],[-63.572327884989,44.6358100293157],[-63.5723973049975,44.6359457107389],[-63.5724003781341,44.6359497391539]]]},"properties":{"GLOBALID":"ba23fa72-f78d-421c-852f-b18abf3869fb","OBJECTID":5,"HEIGHT":45,"SDATE":"Tue, 09 Nov 2004 00:00:00 GMT","SOURCE":"ORIGINAL MAP","SACC":"IN"}},{"type":"Feature","id":6,"geometry":{"type":"Polygon","coordinates":[[[-63.588433514715,44.6534639194045],[-63.5885639339245,44.6535531835831],[-63.5883816702449,44.65367593103],[-63.5882569661172,44.65359167323],[-63.588433514715,44.6534639194045]]]},"properties":{"GLOBALID":"7ede9724-7aee-4e77-919f-85279d65dd9b","OBJECTID":6,"HEIGHT":50,"SDATE":"Tue, 09 Nov 2004 00:00:00 GMT","SOURCE":"ORIGINAL MAP","SACC":"IN"}},{"type":"Feature","id":7,"geometry":{"type":"Polygon","coordinates":[[[-63.7233681285275,44.717762050374],[-63.722839362185,44.7171341166291],[-63.7228118467878,44.7171753433541],[-63.7225231929342,44.7168484752918],[-63.7221140812892,44.7163889563055],[-63.7219822077072,44.7162520504543],[-63.7219991741879,44.7162254756002],[-63.7219884599816,44.7162168107307],[-63.7219666614629,44.7161999335734],[-63.7219558241873,44.7161915393577],[-63.7219448638425,44.7161832364239],[-63.7219336492745,44.7161749341273],[-63.721922689828,44.7161667211977],[-63.7219114770566,44.7161585101819],[-63.7219002633869,44.7161502985266],[-63.7218890524122,44.7161421768766],[-63.7218777156733,44.7161340565022],[-63.7218662513737,44.7161260261331],[-63.7218549146348,44.716117995763],[-63.7218434530301,44.7161100560366],[-63.721831862068,44.7161018462895],[-63.7218202773941,44.7160941778573],[-63.7217969804855,44.716078750345],[-63.7217852655559,44.7160707218833],[-63.7217735533212,44.7160629640787],[-63.7217615895582,44.7160552975565],[-63.7217497524577,44.7160476297565],[-63.721737663829,44.7160400538772],[-63.721725700066,44.7160323873519],[-63.7217136132338,44.7160249014772],[-63.7217015255034,44.71601741624],[-63.7216894386712,44.7160099297251],[-63.7216772260749,44.716002535131],[-63.7216526751182,44.7159878359466],[-63.7216403385544,44.7159805313565],[-63.7216155387644,44.7159661041019],[-63.7216029506723,44.715958982076],[-63.7215904892427,44.7159518581341],[-63.7215777753865,44.7159447367447],[-63.721565189091,44.7159377040846],[-63.7215524770314,44.7159307620688],[-63.7215397640735,44.7159237306837],[-63.7215140902227,44.7159101192218],[-63.7215012541956,44.7159032684863],[-63.721475455479,44.7158897470266],[-63.7214492812665,44.7158764081309],[-63.7214229848832,44.7158633405297],[-63.7213966884999,44.7158503629324],[-63.7213701414866,44.7158375666229],[-63.7213566811304,44.7158312597508],[-63.7213432198759,44.715825042885],[-63.7213298843855,44.7158187347348],[-63.7213164249276,44.7158126091513],[-63.7212892544835,44.7158003567058],[-63.7212619600719,44.7157882849101],[-63.7212482499841,44.7157823399758],[-63.7212345416928,44.7157764850481],[-63.7212069993462,44.7157647758292],[-63.7211931661892,44.7157590115451],[-63.7211652483468,44.7157476642661],[-63.7211514178846,44.7157420799946],[-63.7211373331993,44.7157364969992],[-63.721123376973,44.7157310040105],[-63.7211092949827,44.7157255103828],[-63.7210808794736,44.7157147069704],[-63.721066925044,44.7157093939939],[-63.7210525942202,44.7157041729392],[-63.7210383882623,44.7156989506072],[-63.721024055642,44.7156937289132],[-63.7210097257165,44.715688599141],[-63.7209953957911,44.7156835574604],[-63.7209809409999,44.7156785170561],[-63.7209520278242,44.7156683468774],[-63.7209403658952,44.715664639345],[-63.7206817274501,44.7155776852593],[-63.7214615154224,44.7144438377785],[-63.7214637450409,44.7144404033869],[-63.7214708138839,44.7144301857517],[-63.7214925288593,44.7143996196526],[-63.7214998501288,44.7143894007335],[-63.7215071740933,44.7143792711834],[-63.7215295214827,44.7143488812458],[-63.7215370960772,44.7143387510502],[-63.7215446724683,44.7143287102239],[-63.7215600785754,44.7143087172986],[-63.7215679091897,44.7142986745519],[-63.7215756113449,44.7142886330803],[-63.7215835677234,44.7142786797012],[-63.7215913947445,44.7142685482166],[-63.7215993547162,44.7142588648624],[-63.7216074377572,44.7142489108398],[-63.7216236047373,44.7142291828084],[-63.7216400250424,44.7142095441415],[-63.7216482365424,44.7141997694911],[-63.7216565729082,44.7141899035528],[-63.7216649110707,44.7141802182703],[-63.7216733767939,44.7141705317094],[-63.7216818389239,44.7141607557757],[-63.7216903037489,44.7141510692116],[-63.7217074867236,44.7141317860881],[-63.7217162039751,44.714122097604],[-63.7217336420714,44.7141029925751],[-63.7217424859854,44.7140933934575],[-63.7230674785716,44.7149633995033],[-63.7239404972973,44.7154038092518],[-63.7241537771087,44.7155114014885],[-63.7241955263115,44.7155411562951],[-63.7246844847106,44.7158897789439],[-63.7250676979259,44.7161649842644],[-63.7251672492257,44.7162306097932],[-63.7252671868011,44.7162966827255],[-63.7253209105466,44.71633226136],[-63.7258282305101,44.7166672590223],[-63.7259615234302,44.7167553579244],[-63.7264688514785,44.7170903633507],[-63.7271935089435,44.7175692864172],[-63.7276282809646,44.7178563119149],[-63.7279762299152,44.7180860925283],[-63.7285542410033,44.7184678981523],[-63.7289768067163,44.7187470723837],[-63.729069493989,44.7188082382719],[-63.7296482794249,44.7191902108363],[-63.7301327345694,44.7195103947259],[-63.7307657764518,44.719928381422],[-63.7312631017594,44.720256938258],[-63.73166073563,44.7205195120014],[-63.7318088139215,44.7206172298837],[-63.7321014086842,44.7208104362358],[-63.7324943398743,44.7210698855929],[-63.7330777103114,44.7214414487476],[-63.733130551013,44.7214763087011],[-63.7323339016629,44.7225246710578],[-63.7321013673617,44.7228292895108],[-63.7318385607338,44.7231466168048],[-63.7313600775893,44.7237244303921],[-63.731227981225,44.723743195243],[-63.7305950983444,44.7229602477304],[-63.7305870197951,44.7229503973276],[-63.7305789403474,44.722940456289],[-63.7305708617981,44.7229306952405],[-63.7305627823504,44.7229208441945],[-63.7305545762403,44.7229109031508],[-63.7305463719268,44.7229011440121],[-63.7305380409509,44.7228912942376],[-63.7305297099749,44.7228815344574],[-63.7305271434882,44.7228782199231],[-63.7305188152071,44.7228686401327],[-63.7305103593654,44.7228589716213],[-63.7305020283894,44.7228492124739],[-63.7304934467835,44.7228395445975],[-63.7304849936367,44.7228300560733],[-63.7304764093359,44.7228201182054],[-63.7304678268316,44.7228104509624],[-63.730459246124,44.7228008730757],[-63.7304506645181,44.7227912051912],[-63.7304419562497,44.7227815379433],[-63.7304356869074,44.7227750058802],[-63.7304331231156,44.7227719619666],[-63.7304244175422,44.7227624753462],[-63.730415584408,44.7227528987281],[-63.7304067512738,44.7227433227466],[-63.7303979199362,44.7227338361215],[-63.7303889619362,44.7227243514097],[-63.7303800021396,44.7227148654198],[-63.7303710441395,44.7227053800666],[-63.7303619603754,44.7226958959884],[-63.7303530032737,44.7226865006285],[-63.7303437919488,44.7226770165472],[-63.7303345842171,44.722667712457],[-63.7303253737905,44.7226583190072],[-63.7303161642622,44.7226489261943],[-63.7303069556322,44.7226396220996],[-63.7302976212381,44.72263031928],[-63.7302884099132,44.722620745193],[-63.7302789524499,44.7226117136362],[-63.7302696180558,44.7226025008086],[-63.7302601569992,44.722593197983],[-63.7302506977392,44.7225839857907],[-63.730241237581,44.7225747742351],[-63.7302316507603,44.7225655633164],[-63.7302220657362,44.7225564411162],[-63.730212354948,44.7225473214677],[-63.7302027690256,44.7225381105446],[-63.7301930591357,44.7225290796131],[-63.7301833492458,44.7225201393152],[-63.7301736366609,44.7225108383912],[-63.7301638019052,44.7225018993669],[-63.7301540902186,44.7224927784332],[-63.730144002138,44.7224838406827],[-63.7301341682806,44.722474991651],[-63.7301242032691,44.7224657819929],[-63.7301142436476,44.7224569335967],[-63.7301042804328,44.7224479052056],[-63.7300943199129,44.7224390561684],[-63.7300842327306,44.7224301177713],[-63.7300741464466,44.7224212700079],[-63.730063805041,44.7224123341612],[-63.7300537205536,44.7224035757535],[-63.7300435112004,44.7223949986146],[-63.7300332964573,44.7223859714905],[-63.7300229577467,44.722377215632],[-63.7300126208328,44.7223684591338],[-63.7300022830205,44.7223597932695],[-63.7299918185457,44.7223510367686],[-63.7299814816317,44.7223423709016],[-63.7299710180553,44.7223336156748],[-63.7299604296131,44.7223250404403],[-63.729949966935,44.7223163752077],[-63.7299393784927,44.722307800609],[-63.7299287900504,44.7222992253707],[-63.7299182034048,44.7222907414047],[-63.7299074874018,44.7222820774435],[-63.7298967731954,44.7222734141193],[-63.7298860607856,44.7222651095052],[-63.7298753483759,44.7222566255341],[-63.729864510202,44.7222482328354],[-63.7298536702314,44.7222397495001],[-63.7298428311592,44.7222313561607],[-63.7298319929853,44.7222229640966],[-63.7298209023848,44.7222145726695],[-63.7298100651092,44.7222062693235],[-63.7297991002729,44.7221978772557],[-63.7297881372331,44.7221896645426],[-63.7297769208685,44.7221812743873],[-63.7297658320646,44.7221730629484],[-63.7297547441591,44.7221648515084],[-63.7297435259978,44.7221563713523],[-63.7297323141248,44.7221484305397],[-63.7297212253209,44.7221402190962],[-63.7297106503534,44.7221327244376],[-63.7296396762594,44.7220815945256],[-63.7285318657662,44.7212823169261],[-63.727615588668,44.7206208017803],[-63.7271621110277,44.7202936570112],[-63.7271178968477,44.7202617089015],[-63.7260529386885,44.7194810262212],[-63.7257560230292,44.7192632494533],[-63.7257446826971,44.7192550382387],[-63.7257334699257,44.7192469176627],[-63.7257222580526,44.7192387964474],[-63.7257107928547,44.7192306771459],[-63.7256994552175,44.71922264593],[-63.7256881175803,44.7192146159895],[-63.7256765266182,44.7192065873247],[-63.7256650659118,44.7191987373855],[-63.7256534749497,44.7191907993585],[-63.7256417618167,44.7191829513321],[-63.7256301735495,44.7191751026664],[-63.7256184586199,44.7191672546379],[-63.7256066197227,44.7191594978868],[-63.7255949065898,44.719151739858],[-63.7255829428268,44.719144073745],[-63.7255711030314,44.7191363157141],[-63.7255592668292,44.7191287389626],[-63.7255471764038,44.719121164125],[-63.7255352135391,44.7191135880098],[-63.7255231231137,44.7191060118935],[-63.7255110362816,44.7190986164185],[-63.7254988218886,44.7190911322172],[-63.7254866065974,44.7190836473766],[-63.7254745197653,44.7190762525369],[-63.7254620556407,44.7190690389768],[-63.7254498421461,44.7190616447736],[-63.7254373771232,44.7190543418481],[-63.7254250387628,44.719047127647],[-63.7254125773332,44.7190400047236],[-63.7254001132086,44.7190327924357],[-63.7253875233199,44.7190256701489],[-63.7253749352278,44.7190185478611],[-63.7253622213716,44.7190115168512],[-63.7253495066171,44.7190044852022],[-63.7253369203216,44.718997542916],[-63.7253240807013,44.7189906025439],[-63.7253113677434,44.7189836615326],[-63.7252985299196,44.718976811161],[-63.7252856920959,44.7189699607885],[-63.7252727285081,44.7189632004173],[-63.7252597658185,44.718956441322],[-63.7252468040273,44.7189497715897],[-63.7252338413377,44.7189431012183],[-63.7252207537823,44.7189364327611],[-63.725207666227,44.7189298543053],[-63.7251944529075,44.7189232758487],[-63.7251813662504,44.7189167873936],[-63.7251681547275,44.7189102995761],[-63.7251548165422,44.7189038117578],[-63.725152402769,44.7189026570486],[-63.7248415668161,44.7187525740226],[-63.7244002739243,44.7185393029499],[-63.7243932877264,44.71853592625],[-63.7243799504393,44.7185294377515],[-63.7243667389165,44.7185230398933],[-63.7243536522594,44.7185164607522],[-63.724340564704,44.7185098816103],[-63.7243273504862,44.7185032131031],[-63.7243145144591,44.7184965426803],[-63.7243014260054,44.7184897828921],[-63.72428858908,44.7184830224649],[-63.7242756254921,44.7184761720339],[-63.724262661006,44.7184693216022],[-63.724249950743,44.7184625605342],[-63.724237112021,44.7184556200979],[-63.7242245239289,44.718448587743],[-63.7242118100727,44.7184415553871],[-63.7241992237772,44.7184345230305],[-63.7241866356852,44.7184274906729],[-63.7241741724589,44.718420367035],[-63.7241615834685,44.7184131546698],[-63.7241492460064,44.7184059403887],[-63.7241367818818,44.7183986373804],[-63.7241244435214,44.7183914230976],[-63.7241121042627,44.7183840288078],[-63.7240998916664,44.7183766332404],[-63.7240876781718,44.7183692383104],[-63.7240755913396,44.7183618433795],[-63.7240633760484,44.7183542678032],[-63.7240514122854,44.7183466909492],[-63.7240394494208,44.7183391147326],[-63.724027360792,44.718331538515],[-63.7240155227932,44.7183238710166],[-63.7240035581319,44.7183162041556],[-63.7239918458973,44.7183084460137],[-63.7239801327643,44.7183006878709],[-63.7239682929688,44.7182928397238],[-63.7239567056,44.7182849909373],[-63.7239449915687,44.7182771427881],[-63.7239335290656,44.7182692027196],[-63.7239220665626,44.7182612626502],[-63.7239104764988,44.7182532338529],[-63.7238991397599,44.7182452025014],[-63.7238878021227,44.718237171787],[-63.7238767160138,44.7182289597883],[-63.7238652508159,44.7182208397067],[-63.7238540371461,44.7182126277058],[-63.7238429510372,44.7182044157037],[-63.7238317400625,44.718196383707],[-63.7238207752261,44.7181879010542],[-63.7238098121864,44.718179507127],[-63.7237989767074,44.7181712032019],[-63.7237880127694,44.7181627205454],[-63.7237771754938,44.7181543259762],[-63.7237664639824,44.718145840764],[-63.7237557524709,44.7181373561889],[-63.7237450400612,44.7181287816092],[-63.7237344534155,44.7181202057515],[-63.7237239916357,44.7181115392508],[-63.7237135316526,44.718102962114],[-63.7237029432103,44.7180942062456],[-63.723692608093,44.718085539741],[-63.7236822702807,44.7180766919514],[-63.7236720618258,44.7180680248059],[-63.7236618488793,44.7180590857335],[-63.7236517661886,44.7180503273052],[-63.7236415541404,44.7180413888684],[-63.7236315936206,44.7180324491536],[-63.723621633999,44.7180235094375],[-63.7236116734791,44.718014479078],[-63.72360184052,44.7180055387207],[-63.7235937934117,44.717998117572],[-63.7235840844201,44.7179890859319],[-63.7235743754285,44.7179799649251],[-63.7235647922011,44.7179708420019],[-63.723555207177,44.7179616297119],[-63.723545750612,44.7179525061474],[-63.7235362922504,44.7179432038508],[-63.7235268338888,44.717933990918],[-63.7235175030879,44.7179248673493],[-63.7235082926613,44.7179152918453],[-63.7234988334014,44.717905988266],[-63.7234897523321,44.7178965934049],[-63.7234806694663,44.7178871079001],[-63.7234717132629,44.7178777117592],[-63.7234627579578,44.7178682256129],[-63.7234537999578,44.7178586494613],[-63.7234449704169,44.7178491620353],[-63.7234361390793,44.7178395846039],[-63.7234274344043,44.7178300065325],[-63.7234188510017,44.7178201578096],[-63.7234101490215,44.7178107603812],[-63.7234016949764,44.7178010903862],[-63.7233932418296,44.7177914210278],[-63.7233847859878,44.7177816610256],[-63.7233764577068,44.7177718110178],[-63.7233681285275,44.717762050374]]]},"properties":{"GLOBALID":"5ef7b753-3706-461c-9a53-d0ca0f2c051c","OBJECTID":7,"HEIGHT":20,"SDATE":"Tue, 19 Dec 2023 00:00:00 GMT","SOURCE":"Case 23307","SACC":"IN"}},{"type":"Feature","id":8,"geometry":{"type":"Polygon","coordinates":[[[-63.5785780842581,44.6399689926942],[-63.5780913572743,44.6389855260674],[-63.5780192764559,44.6390063925698],[-63.5776570622586,44.6382779640678],[-63.577936882978,44.638199225152],[-63.5790970356079,44.6379295926306],[-63.5797030885059,44.6398604681463],[-63.5786626130314,44.6401328746931],[-63.5785780842581,44.6399689926942]]]},"properties":{"GLOBALID":"c5f59e46-8ba7-43c4-8916-70923ed8d958","OBJECTID":8,"HEIGHT":55,"SDATE":"Tue, 09 Nov 2004 00:00:00 GMT","SOURCE":"ORIGINAL MAP","SACC":"IN"}},{"type":"Feature","id":9,"geometry":{"type":"Polygon","coordinates":[[[-63.6098687412238,44.6634163004384],[-63.6078621339494,44.6620839826468],[-63.6092911343775,44.6623937086415],[-63.6099595761704,44.6625303163255],[-63.6102951885571,44.6626004298283],[-63.610684765438,44.662708086971],[-63.6111946878208,44.6629035279888],[-63.6117220321302,44.6631753733263],[-63.6116989687836,44.6631938108689],[-63.6116555217649,44.6632365359556],[-63.6114394185486,44.6634020824307],[-63.6114491652694,44.6636695884242],[-63.6109424390924,44.6640637371353],[-63.6108539020363,44.6640047930662],[-63.6112012931331,44.6637407764935],[-63.6107867610536,44.6634723782507],[-63.6107107069868,44.6635331929919],[-63.6101728146592,44.6631803780492],[-63.6099597342739,44.6633457253397],[-63.6099138141931,44.663381351211],[-63.6098687412238,44.6634163004384]]]},"properties":{"GLOBALID":"7d41f9ac-1201-4168-aabf-99260275acae","OBJECTID":9,"HEIGHT":40,"SDATE":"Tue, 09 Nov 2004 00:00:00 GMT","SOURCE":"ORIGINAL MAP","SACC":"IN"}},{"type":"Feature","id":10,"geometry":{"type":"Polygon","coordinates":[[[-63.5689181945808,44.6359704546117],[-63.5688532113515,44.6363466760065],[-63.5687098051978,44.6368329952985],[-63.5686780219048,44.6369991502596],[-63.568663861761,44.6370729605342],[-63.5686468710257,44.6371908893038],[-63.5686395290949,44.6372410746377],[-63.568615450652,44.6374080939233],[-63.5686038830461,44.637487325466],[-63.5685122144629,44.6374729790113],[-63.5679841577894,44.6391966957474],[-63.5679454035698,44.6391901222942],[-63.5678416643241,44.6395285717103],[-63.5674543565877,44.6394685269443],[-63.5673758123908,44.6397252688747],[-63.5672526389923,44.6401014000889],[-63.5669640363427,44.640174613896],[-63.5671575343532,44.640603760013],[-63.5673266987993,44.640979536544],[-63.5673894766646,44.640995236538],[-63.5678298838175,44.6408936463862],[-63.5678494527176,44.6409324640208],[-63.5678652693548,44.6409631219505],[-63.5678822591918,44.6409957031339],[-63.5672422481794,44.641140071547],[-63.5672027429682,44.6411495363876],[-63.5672076783123,44.641091063104],[-63.5667334307244,44.6399190174546],[-63.568726203045,44.6363173349957],[-63.5689181945808,44.6359704546117]]]},"properties":{"GLOBALID":"171a9f99-fce3-4c64-bbf7-681bb226f747","OBJECTID":10,"HEIGHT":35,"SDATE":"Sat, 28 Jan 2012 00:00:00 GMT","SOURCE":"CASE 17156","SACC":"IN"}},{"type":"Feature","id":11,"geometry":{"type":"Polygon","coordinates":[[[-63.579767934293,44.6400709775623],[-63.5798000382846,44.640064438724],[-63.5798814858365,44.6400888727545],[-63.5799534714335,44.6401255081211],[-63.5809505636696,44.6398681000137],[-63.5808149899269,44.6396003308096],[-63.5808063687951,44.6395718460386],[-63.582119433551,44.639228326166],[-63.5822510511132,44.639195184697],[-63.5823320845417,44.6391724364799],[-63.5852442142836,44.638429911215],[-63.5855985807986,44.63833915168],[-63.5855117379651,44.6381701573786],[-63.5851717543762,44.6375059405673],[-63.585341331149,44.6374631997181],[-63.5859576517907,44.6373061382529],[-63.5860789674732,44.6372864095779],[-63.5860428623853,44.6374184184734],[-63.5865098848234,44.6372970582308],[-63.5865757969108,44.6374343840646],[-63.5880711810417,44.637083644383],[-63.5876416264358,44.6362621232798],[-63.5892757805152,44.6358826393527],[-63.5892475958732,44.6358298352001],[-63.5894684987881,44.635781451274],[-63.5899175926498,44.6356830960904],[-63.5900039387149,44.6358453876472],[-63.5912896892962,44.6382621904694],[-63.5906581916177,44.6384227598375],[-63.5902080952362,44.6375416877839],[-63.5896828350183,44.6376796989099],[-63.5898374593332,44.6379482274054],[-63.5893640525683,44.6380749504912],[-63.58831962271,44.6383636107267],[-63.5873827921581,44.6386225225119],[-63.5872257603582,44.638668967299],[-63.5870004458169,44.6382468713399],[-63.5864968385906,44.6383697419463],[-63.5865518738764,44.6384772804398],[-63.5859593487083,44.6386435367995],[-63.5858048932767,44.6386863995053],[-63.58612632396,44.6393288658473],[-63.5851111145012,44.6396006331454],[-63.5839440008262,44.6399125744769],[-63.5832250889858,44.6400985039541],[-63.582870648809,44.6401928561317],[-63.5827579776145,44.6402234505342],[-63.582659241985,44.6402496569457],[-63.5812745276021,44.6406199452438],[-63.5812665245112,44.6405975945141],[-63.5810954457553,44.6402722999148],[-63.5811481364383,44.6402580775106],[-63.5810815056987,44.6401265288947],[-63.5799078190507,44.6404411014535],[-63.5798839669833,44.6404476511153],[-63.579767934293,44.6400709775623]]]},"properties":{"GLOBALID":"553d8798-f4e8-447b-bf38-469f9dfec788","OBJECTID":11,"HEIGHT":70,"SDATE":"Sat, 28 Jan 2012 00:00:00 GMT","SOURCE":"CASE 17156","SACC":"IN"}},{"type":"Feature","id":12,"geometry":{"type":"Polygon","coordinates":[[[-63.5753971956512,44.6405922842331],[-63.5752406839758,44.6402705977775],[-63.5746278928149,44.6404261868601],[-63.5744934150169,44.6401647960681],[-63.5749218772714,44.640049566859],[-63.574877302867,44.6399666980246],[-63.5758729991212,44.6396933830524],[-63.5761531701836,44.6396170014636],[-63.577439496585,44.6392807552167],[-63.5773823834959,44.6391713811731],[-63.577568700374,44.6391241614469],[-63.5779275297193,44.6390329530053],[-63.5781205129951,44.6394201684239],[-63.5775427444522,44.6395705542394],[-63.5775324416742,44.6395489988949],[-63.5773568416974,44.6395915662662],[-63.5772175947435,44.6396253166544],[-63.5771489158451,44.639641962373],[-63.5770131857955,44.6396748677268],[-63.5769413600987,44.6396922459391],[-63.5768775860017,44.6397076931636],[-63.5768047523951,44.6397253455771],[-63.576741983513,44.6397406067896],[-63.5767217929786,44.6397009171461],[-63.5766177842384,44.6397279988398],[-63.5766443968287,44.6397804427794],[-63.5766827180604,44.6398559625317],[-63.5767089560532,44.6399076840773],[-63.5767361031411,44.6399612010441],[-63.5763548536429,44.6400557624578],[-63.5764737977731,44.6403139872439],[-63.5753971956512,44.6405922842331]]]},"properties":{"GLOBALID":"4565f131-9056-467c-aa43-48a522475f01","OBJECTID":12,"HEIGHT":25,"SDATE":"Sat, 03 Nov 2018 00:00:00 GMT","SOURCE":"Case H00045","SACC":"IN"}},{"type":"Feature","id":13,"geometry":{"type":"Polygon","coordinates":[[[-63.7216017226753,44.7251891159286],[-63.7217145690413,44.7238561773881],[-63.7217372802483,44.7238344267977],[-63.7217930656275,44.723822191369],[-63.7218260176287,44.7238116307303],[-63.7219325066174,44.7237744974261],[-63.7219452743726,44.723765594978],[-63.7219529118491,44.7237603242276],[-63.7219605250712,44.7237531648654],[-63.7219708269508,44.7237387855036],[-63.7219787069725,44.723722620924],[-63.7219839953546,44.723701070059],[-63.7219919131055,44.7236777926904],[-63.7220047994382,44.7236579957501],[-63.7220150420291,44.723649107964],[-63.7220302316422,44.723641990075],[-63.7220960529998,44.7236244698011],[-63.722164526184,44.7236069322888],[-63.7221873523753,44.7235944542725],[-63.72222585866,44.723553338711],[-63.7222411075619,44.7235408185578],[-63.7222588456955,44.723535574594],[-63.7222613708598,44.7235355586375],[-63.7222967528039,44.7235375857589],[-63.7223232719694,44.7235377791524],[-63.7223510550645,44.7235482268686],[-63.7223725984617,44.7235544831152],[-63.7220829896989,44.7239241665993],[-63.7220385266856,44.7244503927199],[-63.7222627228243,44.7244149486425],[-63.7222791952317,44.724642616131],[-63.7222047590306,44.7251143787635],[-63.7221937941942,44.7251160688362],[-63.7221780404391,44.725118598201],[-63.7221310316003,44.7251258263247],[-63.7220682627181,44.7251351332108],[-63.7220526338288,44.7251373932355],[-63.722036749818,44.7251395632676],[-63.722021119132,44.7251417320231],[-63.721979295369,44.7251497375258],[-63.7219666884123,44.7251514384477],[-63.7219509301656,44.7251535178486],[-63.7219351728172,44.7251555972493],[-63.7219194136722,44.7251575866576],[-63.7219036536288,44.7251595773422],[-63.7218877660247,44.7251614780343],[-63.7218720059814,44.7251633774499],[-63.7218562450397,44.7251652768654],[-63.7218402316715,44.7251670882031],[-63.7218244689332,44.7251688076335],[-63.7218087061949,44.7251706170564],[-63.7217926901317,44.725172248409],[-63.7217769264951,44.7251738784851],[-63.721761036196,44.7251755098376],[-63.7217450183362,44.7251770499211],[-63.7217291271388,44.7251785906429],[-63.7217133608073,44.7251800407339],[-63.7216974678132,44.7251814914631],[-63.7216814490551,44.7251828515616],[-63.7216655551628,44.7251842122983],[-63.7216496612705,44.7251854824044],[-63.721633638919,44.7251867537868],[-63.7216177450267,44.725188024531],[-63.7216017226753,44.7251891159286]]]},"properties":{"GLOBALID":"4cd5656a-ca6b-4d84-ad28-58e075a3ff8b","OBJECTID":13,"HEIGHT":14,"SDATE":"Tue, 19 Dec 2023 00:00:00 GMT","SOURCE":"Case 23307","SACC":"IN"}},{"type":"Feature","id":14,"geometry":{"type":"Polygon","coordinates":[[[-63.5892986031133,44.6455009758599],[-63.5894945014223,44.6454508513568],[-63.590100519286,44.6466055554735],[-63.5904512961331,44.6472184171195],[-63.5904678961012,44.6472490359376],[-63.5903807316709,44.6472150011093],[-63.5902412951725,44.6471942756057],[-63.5900072085825,44.6471698976133],[-63.5893966928542,44.6471073784717],[-63.5890556923723,44.6470722903145],[-63.5868473369599,44.6468754697858],[-63.5862886728881,44.6468142502732],[-63.5861464704769,44.6467980239503],[-63.5859467947522,44.6464303340904],[-63.5859308191132,44.6464002408301],[-63.5861562369607,44.6463354456147],[-63.5884270549297,44.6457299871568],[-63.5892982869064,44.6455010583067],[-63.5892986031133,44.6455009758599]]]},"properties":{"GLOBALID":"1b5aaa46-cfc6-4091-9f37-96a68b255de8","OBJECTID":14,"HEIGHT":35,"SDATE":"Sat, 28 Jan 2012 00:00:00 GMT","SOURCE":"CASE 17156","SACC":"IN"}},{"type":"Feature","id":15,"geometry":{"type":"Polygon","coordinates":[[[-63.586000157375,44.6516171733401],[-63.5858643815114,44.6515296316337],[-63.5860159039436,44.651434855027],[-63.5858290363982,44.6512764816915],[-63.5861104606104,44.6510961772672],[-63.5863103240831,44.6512536551339],[-63.5864461538456,44.6511544628075],[-63.5862530951112,44.6510053090953],[-63.5865314030677,44.6508275083202],[-63.5868407244611,44.6510361336095],[-63.5865626716261,44.6512439599631],[-63.5865613555943,44.6512449051321],[-63.5863810430555,44.6513743554325],[-63.5861014891357,44.6515872712921],[-63.5860690518691,44.6515654123875],[-63.586000157375,44.6516171733401]]]},"properties":{"GLOBALID":"be25c8b8-509e-4716-b835-06d86ee75cc4","OBJECTID":15,"HEIGHT":50,"SDATE":"Tue, 09 Nov 2004 00:00:00 GMT","SOURCE":"ORIGINAL MAP","SACC":"IN"}},{"type":"Feature","id":16,"geometry":{"type":"Polygon","coordinates":[[[-63.5770823479876,44.6410533916106],[-63.5768512860252,44.6406029572071],[-63.5772162706268,44.6405084778608],[-63.5773071693538,44.6406974338428],[-63.5776252870504,44.6406068804737],[-63.577660744453,44.6406728683983],[-63.5776974936329,44.6407420041858],[-63.5773707727708,44.6408297200497],[-63.5774296160152,44.6409522189405],[-63.5777635449591,44.64086671736],[-63.5777978058057,44.6409313972409],[-63.5774608675056,44.6410168891385],[-63.5774333089893,44.6409598621694],[-63.5770823479876,44.6410533916106]]]},"properties":{"GLOBALID":"3d767bd0-2a07-4b32-bd85-68895850729b","OBJECTID":16,"HEIGHT":25,"SDATE":"Sat, 03 Nov 2018 00:00:00 GMT","SOURCE":"Case H00045","SACC":"IN"}},{"type":"Feature","id":17,"geometry":{"type":"Polygon","coordinates":[[[-63.7196700753199,44.7252166619025],[-63.7195264050615,44.7246997363051],[-63.7194647968027,44.7245379838502],[-63.7193516782472,44.7243055220249],[-63.7193225773236,44.7241481558373],[-63.7193110267857,44.7240414559866],[-63.7192918756021,44.7240347338651],[-63.7192617416159,44.7240281713072],[-63.719238959442,44.72402381265],[-63.7192171528385,44.7240167471442],[-63.719201164623,44.7240104564818],[-63.7191913738847,44.7240050255512],[-63.7191837768324,44.7240032722585],[-63.7191740220267,44.7240008130532],[-63.7191465263925,44.7239930633327],[-63.7191254546109,44.7239841934693],[-63.7191033803094,44.7239758686765],[-63.719089796884,44.723970012663],[-63.7190628806631,44.7239582080869],[-63.7190443133845,44.723947521098],[-63.7190325984549,44.7239396724404],[-63.7190287842082,44.7239375355527],[-63.7190207909988,44.7239345248897],[-63.7190101603357,44.7239325207595],[-63.7190023225349,44.7239317599559],[-63.7189828515511,44.723929811354],[-63.7189820942713,44.7239298158218],[-63.7189312361515,44.7239219429079],[-63.718904036063,44.723917792315],[-63.7188770910961,44.7239138204341],[-63.7188695102134,44.7239134183314],[-63.7188455000425,44.7239119477843],[-63.7188214934648,44.7239107491353],[-63.7187741109269,44.7239082548219],[-63.7187589509581,44.7239076299669],[-63.7187349497704,44.7239068800134],[-63.7187109521759,44.7239064006814],[-63.7186873300772,44.7239056488131],[-63.7186638373358,44.7239051662898],[-63.7186400104212,44.7239081967404],[-63.7186163074742,44.7239111359198],[-63.718595741444,44.7239124354136],[-63.7185753002797,44.7239135542804],[-63.7185543551606,44.7239148556889],[-63.7185341457616,44.7239143527414],[-63.7185139381593,44.7239140291445],[-63.7184742847261,44.7239137380987],[-63.7184344201887,44.7239166887666],[-63.7184250795064,44.7239170174695],[-63.7184010926916,44.7239173480873],[-63.7183771049786,44.7239175887106],[-63.7183531163673,44.7239179199667],[-63.7183291286542,44.7239181599517],[-63.7183076786819,44.7239194645515],[-63.7182862260146,44.7239205891624],[-63.7182646484815,44.7239218050442],[-63.7182431976108,44.7239229296551],[-63.7182166290379,44.7239290390617],[-63.7181979674362,44.7239311363778],[-63.7181791755788,44.7239329643488],[-63.7181588943146,44.7239369630353],[-63.7181387388146,44.7239407810945],[-63.7181187063838,44.7239444172499],[-63.7180989272778,44.7239480527668],[-63.7180817865239,44.7239506811127],[-63.7180538749697,44.7239603985875],[-63.7180495109541,44.7239648370317],[-63.7180781537369,44.7238102610257],[-63.7177626600192,44.7237944136811],[-63.7179145040483,44.7235958514275],[-63.7160804164277,44.7237177095103],[-63.716264730961,44.723458988797],[-63.716458355634,44.7231873362919],[-63.7166487481686,44.7229200233803],[-63.7168329360395,44.7226615716418],[-63.7169774489176,44.7224725100411],[-63.7170889055898,44.7223265965566],[-63.7172003640587,44.7221807739779],[-63.7178105761565,44.7213820039095],[-63.7179231485363,44.7212345525925],[-63.7180357200178,44.7210871008998],[-63.7181691629566,44.720912329329],[-63.7183369008781,44.7206926890243],[-63.7186016766131,44.7203461295666],[-63.7187368586903,44.7201691849008],[-63.7187123894803,44.7201610567936],[-63.7183535870845,44.7200419537859],[-63.7180252187121,44.719933102305],[-63.7176629946334,44.7202922457339],[-63.7172880108843,44.7200999587187],[-63.7175988441423,44.7197916447975],[-63.7174161501697,44.7197311227214],[-63.717381729423,44.7197248564868],[-63.7171414139148,44.7196810809119],[-63.7169538618532,44.7195849367877],[-63.7167630066862,44.7194871941829],[-63.7167505964606,44.7194943840735],[-63.7167383137957,44.7195017533274],[-63.7167264147114,44.7195094800322],[-63.7167146422896,44.7195172967372],[-63.716703377416,44.7195252889755],[-63.7166921179322,44.7195336431326],[-63.7166812357408,44.7195419928202],[-63.7166706095693,44.7195505225091],[-63.716660490946,44.7195594090099],[-63.7166504998834,44.7195682942328],[-63.7166408924014,44.7195775362674],[-63.7166315364478,44.7195867783005],[-63.7166224374122,44.7195962884206],[-63.7166138441282,44.7196058853488],[-63.7166053793033,44.7196156610009],[-63.7165974193316,44.7196255234609],[-63.7165965506607,44.7196266998581],[-63.7165695805409,44.7196613489877],[-63.7163932107079,44.7195913319752],[-63.7163592759498,44.7196346671873],[-63.7160084434071,44.7194955202599],[-63.7161367398977,44.7193332087767],[-63.7163664867265,44.7190430533018],[-63.7165844180145,44.7187676440039],[-63.7167922809847,44.7185051714626],[-63.7179193333913,44.7170814209356],[-63.7181768660102,44.7167831606955],[-63.7183506307289,44.7165821174114],[-63.7190611127786,44.7157601184409],[-63.7193324489102,44.7154456589641],[-63.7197070050612,44.7155543018478],[-63.7201425101076,44.7156806548872],[-63.720609747243,44.7158103174833],[-63.7205943312545,44.7158295891956],[-63.720620699503,44.7158382458245],[-63.7207262829899,44.7158714290247],[-63.7208587584432,44.7159249690757],[-63.7208801724829,44.7159311361397],[-63.7209014805214,44.7159390139711],[-63.7209227921532,44.7159470718149],[-63.7209542556461,44.7159593867873],[-63.7209855951714,44.7159717924022],[-63.7210164379284,44.7159848318918],[-63.7210476579777,44.7159977781799],[-63.7210782483081,44.7160109989537],[-63.7211092437787,44.7160261079498],[-63.721294424288,44.7161044315844],[-63.7213261815299,44.716119985482],[-63.7213425793771,44.7161288846382],[-63.721364315912,44.716140720814],[-63.7213887509861,44.7161563206626],[-63.7214322617852,44.7161830538577],[-63.721481142713,44.7162150648621],[-63.7215639395345,44.7162737789999],[-63.7216948546141,44.7163742310474],[-63.7217008445804,44.7163787843366],[-63.7217116809577,44.7163871785251],[-63.7217225182332,44.7163956620801],[-63.7217332288464,44.7164041462723],[-63.7217439412562,44.7164127211076],[-63.7217545261052,44.7164212072122],[-63.7217649869866,44.7164298733278],[-63.7217755745306,44.716438539442],[-63.721786035412,44.7164472949226],[-63.7217963705294,44.7164559629492],[-63.7218065816792,44.7164648109866],[-63.7218167901341,44.7164735683782],[-63.721827001284,44.7164824164129],[-63.721837084873,44.7164912650845],[-63.7218470453929,44.7165002050374],[-63.7218570059128,44.7165092349949],[-63.7218668379735,44.7165181755834],[-63.7218766736276,44.7165272961823],[-63.7218863808225,44.7165363267738],[-63.72189596405,44.7165454492849],[-63.7219056739399,44.7165546598854],[-63.7219152571674,44.7165637823935],[-63.7219247146307,44.7165729949061],[-63.7219340481265,44.7165823887055],[-63.7219433798256,44.7165916024918],[-63.721952586659,44.716600907559],[-63.7219617943906,44.716610391998],[-63.7219708754598,44.7166197864297],[-63.7219799574274,44.7166291821365],[-63.7219889136308,44.7166387584916],[-63.7219977431717,44.7166482454777],[-63.7220065727126,44.7166577324624],[-63.7220152773877,44.7166673107277],[-63.7220239829611,44.7166769777205],[-63.7220325627704,44.7166866459884],[-63.7220411425797,44.7166963155313],[-63.7220495957265,44.7167059844342],[-63.7220579249058,44.7167157446179],[-63.7220662531868,44.7167255948055],[-63.722049802339,44.7167326311999],[-63.7226337674608,44.7174243186998],[-63.7219189106156,44.71835928308],[-63.7219355644827,44.7183785341554],[-63.722064686525,44.7185274359873],[-63.7224750001158,44.7179974543539],[-63.7225782425931,44.71811608985],[-63.7228857242368,44.7177239601654],[-63.7228968732278,44.7177371243721],[-63.7229460074806,44.7177995635111],[-63.7229975303537,44.7178610865863],[-63.7230515613231,44.7179212448586],[-63.7231076018238,44.7179805789925],[-63.7231661522173,44.7180386370577],[-63.7231680737137,44.7180408750184],[-63.7224466349124,44.7189846170867],[-63.722682284571,44.7192112603933],[-63.7232263132902,44.7185095560682],[-63.723744780448,44.7188368596521],[-63.7239280394609,44.7185983830383],[-63.7247141363014,44.7190127558155],[-63.7245111035725,44.7192450576282],[-63.7247408297401,44.7193405627317],[-63.7249103975298,44.7194111506949],[-63.7250146209674,44.7194763889195],[-63.725097720521,44.7195284377422],[-63.7252285987697,44.7196047581007],[-63.7254114993548,44.7193882437339],[-63.7255692542985,44.7194732165326],[-63.7265403241375,44.7201879726071],[-63.7263075472912,44.7203941837822],[-63.7260552123245,44.7206015099617],[-63.7261892616261,44.7206988760057],[-63.7266741093344,44.7206575183877],[-63.7253457965749,44.7222639165665],[-63.725955217257,44.7225200301704],[-63.7266206236424,44.7227997286566],[-63.727314095194,44.7222856434928],[-63.7280696816542,44.7213389329802],[-63.7282548262309,44.7214726998368],[-63.7294360398626,44.7223254348948],[-63.729436932788,44.7223261497636],[-63.7294482731201,44.7223342699073],[-63.729459359229,44.7223423913265],[-63.729470576492,44.7223506920999],[-63.72948179106,44.722358902237],[-63.7294928789656,44.7223671136495],[-63.7295038438019,44.7223754156959],[-63.7295149317075,44.722383627106],[-63.7295260232063,44.7223920185086],[-63.7295368595836,44.7224003218279],[-63.7295478244199,44.7224087138663],[-63.7295586634921,44.72241710718],[-63.7295696274302,44.722425499216],[-63.7295804674007,44.722433982524],[-63.7295911789121,44.7224423758341],[-63.7296018931185,44.7224509504128],[-63.7296127312924,44.7224593437205],[-63.7296233197347,44.7224679176584],[-63.7296340339411,44.7224764022367],[-63.7296446223834,44.7224850661688],[-63.7296552108256,44.7224936413796],[-63.7296658001662,44.7225023059474],[-63.7296762637426,44.7225109711521],[-63.7296867255224,44.7225195469973],[-63.7296970615381,44.722528213476],[-63.7297075260128,44.7225369686734],[-63.7297178629268,44.7225456351495],[-63.7297282016374,44.7225544809791],[-63.7297384118889,44.7225631480908],[-63.7297486248354,44.7225719951943],[-63.7297589644443,44.7225808422964],[-63.7297691764924,44.7225896893972],[-63.7297792636748,44.7225985364966],[-63.7297893508571,44.7226074748677],[-63.7297993104787,44.7226163238792],[-63.7298093994576,44.7226252622474],[-63.7298193608758,44.7226342012526],[-63.7298293213956,44.7226431389799],[-63.7298392846105,44.7226521679787],[-63.7298491202645,44.7226611982526],[-63.7298589568169,44.7226702272486],[-63.7298686676051,44.722679258158],[-63.729878377495,44.7226882884277],[-63.7298880891816,44.7226974993269],[-63.7298979257339,44.7227065283172],[-63.7299075116563,44.72271574049],[-63.7299170966804,44.7227248613886],[-63.7299266817045,44.7227339822857],[-63.7299361436594,44.7227432844503],[-63.7299456011227,44.7227524072593],[-63.7299550612809,44.7227616187866],[-63.7299645241341,44.722771010943],[-63.7299738567316,44.7227802237438],[-63.729983192024,44.7227895265393],[-63.7299924015523,44.7227989206061],[-63.7300016101823,44.7228082240369],[-63.7300109445764,44.7228175274661],[-63.7300201559014,44.7228270108861],[-63.7300292378689,44.7228363149507],[-63.730038321633,44.722845709648],[-63.7300474053972,44.7228551943399],[-63.7300563633972,44.7228646803069],[-63.7300653213972,44.7228741649956],[-63.7300742793972,44.7228835609634],[-63.7300831125314,44.7228931362834],[-63.7300920723281,44.7229027122401],[-63.7301007779015,44.7229121988375],[-63.7301096101373,44.7229217760675],[-63.7301183184057,44.7229314426537],[-63.7301270257758,44.7229410192422],[-63.7301356064834,44.7229505971058],[-63.7301441880893,44.7229602643254],[-63.7301527696952,44.7229699334581],[-63.7301613521994,44.7229796906704],[-63.7301698071429,44.7229893597999],[-63.7301782629846,44.7229990282896],[-63.730186720623,44.7230087867734],[-63.7301950507007,44.723018636528],[-63.7302033816766,44.7230283956468],[-63.7302115850918,44.7230381554022],[-63.7302199160677,44.723047915156],[-63.7302279955154,44.7230577668187],[-63.7302361989306,44.7230675272074],[-63.7302442783782,44.7230773775902],[-63.7302523596225,44.7230874092393],[-63.7302604390702,44.7230972596187],[-63.7308330369104,44.723806145529],[-63.7283072797586,44.7241735647897],[-63.7273241662066,44.7242680016173],[-63.7272860776386,44.7242716671119],[-63.7272858350935,44.7242423188952],[-63.7272771106554,44.7242009625338],[-63.7272519156066,44.7241755555082],[-63.7272073780332,44.7241482017917],[-63.7270956347984,44.72404808556],[-63.72704611427,44.7239758399549],[-63.7270015263909,44.7239142755122],[-63.7269566375761,44.7238690083051],[-63.7269044149154,44.7238128051276],[-63.72683948289,44.7237601933843],[-63.7268193947637,44.7237492478635],[-63.7267968263888,44.7237419206375],[-63.7267615495476,44.7237380942678],[-63.7265049332102,44.7236650121537],[-63.7264719165303,44.7236703556745],[-63.7264250361506,44.7236676839141],[-63.7264004223118,44.723688548023],[-63.7263901249237,44.7237536142004],[-63.7263412053682,44.7238100152958],[-63.7263581080686,44.7238489791039],[-63.7263257857864,44.7238895187461],[-63.726080121709,44.7241972766105],[-63.7257918487411,44.7242182056305],[-63.7255881889881,44.7245832230891],[-63.7254936395078,44.7245957104659],[-63.7256112559279,44.7240952093145],[-63.7252793993974,44.7240639283673],[-63.7251435525668,44.7246417908734],[-63.724913988096,44.7246721537048],[-63.7249023558114,44.7239735128677],[-63.7244268317174,44.7240250476774],[-63.7238253162099,44.724362408293],[-63.7234245535071,44.7245871317373],[-63.7233859996118,44.7246345499243],[-63.7234956183309,44.7248889093413],[-63.7222047590306,44.7251143787635],[-63.7222791952317,44.724642616131],[-63.7222627228243,44.7244149486425],[-63.7220385266856,44.7244503927199],[-63.7220829896989,44.7239241665993],[-63.7223725984617,44.7235544831152],[-63.7223510550645,44.7235482268686],[-63.7223232719694,44.7235377791524],[-63.7222967528039,44.7235375857589],[-63.7222613708598,44.7235355586375],[-63.7222588456955,44.723535574594],[-63.7222411075619,44.7235408185578],[-63.72222585866,44.723553338711],[-63.7221873523753,44.7235944542725],[-63.722164526184,44.7236069322888],[-63.7220960529998,44.7236244698011],[-63.7220302316422,44.723641990075],[-63.7220150420291,44.723649107964],[-63.7220047994382,44.7236579957501],[-63.7219919131055,44.7236777926904],[-63.7219839953546,44.723701070059],[-63.7219787069725,44.723722620924],[-63.7219708269508,44.7237387855036],[-63.7219605250712,44.7237531648654],[-63.7219529118491,44.7237603242276],[-63.7219452743726,44.723765594978],[-63.7219325066174,44.7237744974261],[-63.7218260176287,44.7238116307303],[-63.7217930656275,44.723822191369],[-63.7217372802483,44.7238344267977],[-63.7217145690413,44.7238561773881],[-63.7216017226753,44.7251891159286],[-63.7215935237517,44.7251898875658],[-63.72152982152,44.7251952405194],[-63.7214821371481,44.7251989614825],[-63.7214661147966,44.7252001422339],[-63.7214500906486,44.725201232993],[-63.721434195858,44.7252024137445],[-63.7214024008868,44.7252045046319],[-63.7213862518729,44.7252055966674],[-63.721370353489,44.7252065967958],[-63.7213543275444,44.7252075082081],[-63.7213384300588,44.7252085089747],[-63.7213224041141,44.7252094191106],[-63.7213065039336,44.7252102392541],[-63.7212904779889,44.7252111506664],[-63.7212744538409,44.7252120620787],[-63.7212423983583,44.7252136136497],[-63.7212264972795,44.7252143438007],[-63.7211944408985,44.7252157166633],[-63.7211785380231,44.7252163568219],[-63.7211625093834,44.7252169982571],[-63.7211464807438,44.7252176384156],[-63.7211142932089,44.7252186519469],[-63.7210983894351,44.7252192021131],[-63.7210823598972,44.7252197522793],[-63.721050297228,44.7252205851875],[-63.7210342631985,44.7252208660148],[-63.721018231864,44.7252213268268],[-63.7210021996311,44.7252216976465],[-63.7209861664999,44.725221979112],[-63.720970134267,44.725222259301],[-63.7209542269,44.7252225394901],[-63.7209381919722,44.7252227309632],[-63.7209221579427,44.7252229217981],[-63.7209061230148,44.7252231119948],[-63.7208900871887,44.7252231234832],[-63.7208740522609,44.7252233149563],[-63.7208419797103,44.7252234260107],[-63.7207938695369,44.7252233685688],[-63.7207297163509,44.7252229626457],[-63.7207136778298,44.7252227935111],[-63.7206976375121,44.7252224437535],[-63.720681598991,44.7252222752572],[-63.720649516559,44.7252216663725],[-63.7206334762413,44.7252213178914],[-63.720617562586,44.7252210574879],[-63.7206015195734,44.7252206177379],[-63.7205374759818,44.7252187706602],[-63.7204893460455,44.7252170933554],[-63.7204572546303,44.7252157645316],[-63.7204413355852,44.7252150548044],[-63.7204254174383,44.7252144337931],[-63.7204093708324,44.7252136347117],[-63.7203933242265,44.7252128362686],[-63.7203772785189,44.7252121259031],[-63.7203613576771,44.7252112361911],[-63.7203454368353,44.7252104364714],[-63.7202974191884,44.7252076779811],[-63.7202814956517,44.7252066970001],[-63.7202654463508,44.7252056279414],[-63.7202495228141,44.7252046482368],[-63.7202334735132,44.7252035785399],[-63.7202175499765,44.7252025082046],[-63.7202016246432,44.725201347877],[-63.720185574444,44.7252002788182],[-63.7201697748748,44.7251990278598],[-63.7196700753199,44.7252166619025]]]},"properties":{"GLOBALID":"44d3d510-44ac-4bb9-ad6c-e69a3071b10e","OBJECTID":17,"HEIGHT":11,"SDATE":"Tue, 19 Dec 2023 00:00:00 GMT","SOURCE":"Case 23307","SACC":"IN"}},{"type":"Feature","id":18,"geometry":{"type":"Polygon","coordinates":[[[-63.585918999979,44.652529893809],[-63.5860708116687,44.6524168101556],[-63.5861930723789,44.6525085375495],[-63.5861929403266,44.6525086698319],[-63.5860425389918,44.6526145915361],[-63.585978278008,44.6525704488891],[-63.585918999979,44.652529893809]]]},"properties":{"GLOBALID":"83c0e6cb-769a-46ad-9c0a-7ffd9f6e861a","OBJECTID":18,"HEIGHT":40,"SDATE":"Tue, 09 Nov 2004 00:00:00 GMT","SOURCE":"ORIGINAL MAP","SACC":"IN"}},{"type":"Feature","id":19,"geometry":{"type":"Polygon","coordinates":[[[-63.5702322115509,44.6381411554287],[-63.5703100263157,44.638123899479],[-63.5703410900583,44.6381155521128],[-63.5703891319597,44.6381028881991],[-63.5704588008015,44.6380841748518],[-63.570467304254,44.6381026772617],[-63.5705630691549,44.6383018772618],[-63.5706390082374,44.6382822128457],[-63.5707204620775,44.6384336978397],[-63.5709074508954,44.6387931371376],[-63.5709075829478,44.6387933480726],[-63.5704570481884,44.6389053799642],[-63.5704317408502,44.6389114740532],[-63.5704023821101,44.6388554351292],[-63.5703620243976,44.6387777075672],[-63.5703265930462,44.6387072200929],[-63.5702875109414,44.6386286032073],[-63.5702508920172,44.638553606001],[-63.5702080612428,44.6383939580838],[-63.5701885264786,44.6383541991246],[-63.5701616893095,44.6382981813953],[-63.5701335370068,44.638166553549],[-63.5702322609582,44.6381412577013],[-63.5702322115509,44.6381411554287]]]},"properties":{"GLOBALID":"7d23778d-8e8f-4ced-9376-54f5d2c77028","OBJECTID":19,"HEIGHT":45,"SDATE":"Tue, 09 Nov 2004 00:00:00 GMT","SOURCE":"ORIGINAL MAP","SACC":"IN"}},{"type":"Feature","id":20,"geometry":{"type":"Polygon","coordinates":[[[-63.5860001564767,44.6516172008195],[-63.5860690518691,44.6515654123875],[-63.5861014891357,44.6515872712921],[-63.5863810628184,44.6513743413732],[-63.5863900289033,44.6513816828717],[-63.5865440504486,44.651505396695],[-63.586573281628,44.651483004147],[-63.5866631895132,44.6515458636626],[-63.586300821704,44.6518238460379],[-63.5863728099959,44.6518963075849],[-63.5863733939008,44.6518967753712],[-63.5865934559926,44.6520464699837],[-63.5864841813282,44.6521267219088],[-63.5861945501076,44.6523251017881],[-63.5857718065281,44.6520291977202],[-63.5860470018221,44.6518304500123],[-63.5862020627183,44.6517538134442],[-63.5860001564767,44.6516172008195]]]},"properties":{"GLOBALID":"e7072c61-acbb-4afc-8851-cad2c58ec0d6","OBJECTID":20,"HEIGHT":40,"SDATE":"Tue, 09 Nov 2004 00:00:00 GMT","SOURCE":"ORIGINAL MAP","SACC":"IN"}},{"type":"Feature","id":21,"geometry":{"type":"Polygon","coordinates":[[[-63.5790970356079,44.6379295926306],[-63.5799586286615,44.6377277411944],[-63.5814212188947,44.637382222454],[-63.5831887539292,44.6369617362706],[-63.5836029320724,44.6378758551812],[-63.5839495658894,44.6377958373044],[-63.5848465211242,44.6375879327242],[-63.5850781229741,44.638090184652],[-63.5852442142836,44.638429911215],[-63.5823320845417,44.6391724364799],[-63.5822510511132,44.639195184697],[-63.582119433551,44.639228326166],[-63.5797030885059,44.6398604681463],[-63.5790970356079,44.6379295926306]]]},"properties":{"GLOBALID":"8dc8f60d-bf79-4f27-9af9-03babd82dfb8","OBJECTID":21,"HEIGHT":100,"SDATE":"Tue, 09 Nov 2004 00:00:00 GMT","SOURCE":"ORIGINAL MAP","SACC":"IN"}},{"type":"Feature","id":22,"geometry":{"type":"Polygon","coordinates":[[[-63.5740684418189,44.6385778783112],[-63.5740887671005,44.6386185588415],[-63.5737628753834,44.638700500208],[-63.5737319392017,44.638707847785],[-63.5737117594471,44.6386672229275],[-63.5740684418189,44.6385778783112]]]},"properties":{"GLOBALID":"e38cb1c8-3a5d-45d7-b8f7-f5f08bf22f9c","OBJECTID":22,"HEIGHT":100,"SDATE":"Tue, 09 Nov 2004 00:00:00 GMT","SOURCE":"ORIGINAL MAP","SACC":"IN"}},{"type":"Feature","id":23,"geometry":{"type":"Polygon","coordinates":[[[-63.5751997207989,44.6408203254661],[-63.5756040722712,44.6407152080377],[-63.575772868408,44.641041873095],[-63.5758125901133,44.6411187372996],[-63.5758397740321,44.6411713468057],[-63.5758473073041,44.6411862612075],[-63.5758788022379,44.6412470501067],[-63.5759079840099,44.6413033494192],[-63.5755294303559,44.6414035665601],[-63.5751687944986,44.6414980540363],[-63.5751034016375,44.6413701508521],[-63.5750334183853,44.641242666042],[-63.5753734738394,44.6411511975923],[-63.5751997207989,44.6408203254661]]]},"properties":{"GLOBALID":"2c5dba05-db4d-4143-83fd-88a40b55e437","OBJECTID":23,"HEIGHT":25,"SDATE":"Sat, 03 Nov 2018 00:00:00 GMT","SOURCE":"Case H00045","SACC":"IN"}},{"type":"Feature","id":24,"geometry":{"type":"Polygon","coordinates":[[[-63.7263257857864,44.7238895187461],[-63.7263581080686,44.7238489791039],[-63.7263683398797,44.7238896061875],[-63.7263801670988,44.7239466990219],[-63.7263863142702,44.7239939249801],[-63.726443893585,44.7240644989687],[-63.7265079740075,44.7240995609454],[-63.7265329669353,44.7241190277562],[-63.726553004756,44.7241662535738],[-63.7265616070232,44.7241977093475],[-63.7265291904179,44.7242510329849],[-63.7265573328391,44.724300098781],[-63.7265824533277,44.7243196542416],[-63.7265858723156,44.724370858766],[-63.7266000576123,44.7243944454085],[-63.7266179304932,44.7244201689112],[-63.7265490342025,44.724434114092],[-63.7264547021145,44.7244538035403],[-63.72636036284,44.7244729530206],[-63.7262660289554,44.7244925524621],[-63.7261559269426,44.7245134226561],[-63.7261035102457,44.7245224909346],[-63.7260458078618,44.7245329429407],[-63.7259351713514,44.7245514758442],[-63.7255881889881,44.7245832230891],[-63.7257918487411,44.7242182056305],[-63.726080121709,44.7241972766105],[-63.7263257857864,44.7238895187461]]]},"properties":{"GLOBALID":"8870d067-04a4-42f7-a77e-364ad40088db","OBJECTID":24,"HEIGHT":14,"SDATE":"Tue, 19 Dec 2023 00:00:00 GMT","SOURCE":"Case 23307","SACC":"IN"}},{"type":"Feature","id":25,"geometry":{"type":"Polygon","coordinates":[[[-63.5695946502443,44.6361500696647],[-63.5696374387979,44.6360868195172],[-63.5697289313113,44.6360564741497],[-63.5699232494836,44.6360716187095],[-63.5700395193292,44.636276487293],[-63.5700136029332,44.6362827938805],[-63.5696402451348,44.636377853491],[-63.5695946502443,44.6361500696647]]]},"properties":{"GLOBALID":"ead8171a-3b87-45e9-9540-271ebb12d962","OBJECTID":25,"HEIGHT":52,"SDATE":"Tue, 09 Nov 2004 00:00:00 GMT","SOURCE":"ORIGINAL MAP","SACC":"IN"}},{"type":"Feature","id":26,"geometry":{"type":"Polygon","coordinates":[[[-63.5771142732145,44.6411152288896],[-63.5774625060327,44.641020017247],[-63.5774901678552,44.6410776807719],[-63.5778261611277,44.6409856444768],[-63.577899275907,44.6411217043315],[-63.577558132593,44.6412174175556],[-63.5776572347351,44.6414195642916],[-63.5774496646157,44.6414755170081],[-63.5773086416925,44.6415122173333],[-63.5771142732145,44.6411152288896]]]},"properties":{"GLOBALID":"96642c2f-809f-4858-876d-efe0a78264b4","OBJECTID":26,"HEIGHT":25,"SDATE":"Sat, 03 Nov 2018 00:00:00 GMT","SOURCE":"Case H00045","SACC":"IN"}},{"type":"Feature","id":27,"geometry":{"type":"Polygon","coordinates":[[[-63.5912675664857,44.6476141284204],[-63.5916723015386,44.6475070932178],[-63.5916976879286,44.647555453306],[-63.5916592382378,44.6475654724779],[-63.5912947818455,44.6476643181596],[-63.5912675664857,44.6476141284204]]]},"properties":{"GLOBALID":"d1a2a60d-2a14-4334-a615-51764a69dad0","OBJECTID":27,"HEIGHT":35,"SDATE":"Tue, 09 Nov 2004 00:00:00 GMT","SOURCE":"ORIGINAL MAP","SACC":"IN"}},{"type":"Feature","id":28,"geometry":{"type":"Polygon","coordinates":[[[-63.5871765946644,44.6414269396476],[-63.5882770775998,44.6435363789037],[-63.5883667573129,44.6436289659287],[-63.5874314098795,44.6438823377954],[-63.5851400168972,44.6445013217143],[-63.5850298735619,44.6445310522929],[-63.5849399656767,44.6445555036164],[-63.5844338341844,44.643624474668],[-63.5843933327415,44.6435458804237],[-63.5837707822833,44.6423528234921],[-63.5838607791017,44.6423175739478],[-63.5839746711067,44.6422896887628],[-63.5856723100256,44.6418379728481],[-63.5871765946644,44.6414269396476]]]},"properties":{"GLOBALID":"ba80540b-7411-43af-9b5d-c98586bbe153","OBJECTID":28,"HEIGHT":35,"SDATE":"Sat, 28 Jan 2012 00:00:00 GMT","SOURCE":"CASE 17156","SACC":"IN"}},{"type":"Feature","id":29,"geometry":{"type":"Polygon","coordinates":[[[-63.7224466349124,44.7189846170867],[-63.7231680737137,44.7180408750184],[-63.7232272169954,44.7180957784337],[-63.7232902841182,44.7181515569362],[-63.7233551029559,44.7182059744841],[-63.7234225565523,44.7182591147012],[-63.7234322691371,44.7182483392096],[-63.7235010558333,44.7182969696557],[-63.7235710884929,44.7183442417166],[-63.7236417526681,44.7183915092707],[-63.7237158582892,44.7184515393279],[-63.7237777189746,44.7184914814565],[-63.7238393874205,44.7185362849845],[-63.7239280394609,44.7185983830383],[-63.723744780448,44.7188368596521],[-63.7232263132902,44.7185095560682],[-63.722682284571,44.7192112603933],[-63.7224466349124,44.7189846170867]]]},"properties":{"GLOBALID":"5745df16-5ca1-4e13-bc6b-6a805fb5070e","OBJECTID":29,"HEIGHT":14,"SDATE":"Tue, 19 Dec 2023 00:00:00 GMT","SOURCE":"Case 23307","SACC":"IN"}},{"type":"Feature","id":30,"geometry":{"type":"Polygon","coordinates":[[[-63.570024415056,44.6363453604843],[-63.5696425322455,44.6363772705193],[-63.5700136029332,44.6362827938805],[-63.570024415056,44.6363453604843]]]},"properties":{"GLOBALID":"b8997858-5424-46cb-9633-eeb9397d4e76","OBJECTID":30,"HEIGHT":45,"SDATE":"Tue, 09 Nov 2004 00:00:00 GMT","SOURCE":"ORIGINAL MAP","SACC":"IN"}},{"type":"Feature","id":31,"geometry":{"type":"Polygon","coordinates":[[[-63.7219189106156,44.71835928308],[-63.7226337674608,44.7174243186998],[-63.7227814208491,44.7176012819732],[-63.7228857242368,44.7177239601654],[-63.7225782425931,44.71811608985],[-63.7224750001158,44.7179974543539],[-63.722064686525,44.7185274359873],[-63.7219355644827,44.7183785341554],[-63.7219189106156,44.71835928308]]]},"properties":{"GLOBALID":"2d911a63-3a34-4681-b2fd-bfada55039d8","OBJECTID":31,"HEIGHT":14,"SDATE":"Tue, 19 Dec 2023 00:00:00 GMT","SOURCE":"Case 23307","SACC":"IN"}},{"type":"Feature","id":32,"geometry":{"type":"Polygon","coordinates":[[[-63.5768929004807,44.6398025029945],[-63.5770490043209,44.6397647136933],[-63.5771135985797,44.6399205834561],[-63.577134652395,44.6399837661455],[-63.5771615641243,44.6400401663964],[-63.5772033914806,44.6401254799971],[-63.5769627876132,44.640187631464],[-63.5768538228675,44.6399687990215],[-63.5767840911436,44.6398288898464],[-63.5768929004807,44.6398025029945]]]},"properties":{"GLOBALID":"988c3c58-4d2e-4676-8366-a8f159581120","OBJECTID":32,"HEIGHT":25,"SDATE":"Sat, 03 Nov 2018 00:00:00 GMT","SOURCE":"Case H00045","SACC":"IN"}},{"type":"Feature","id":33,"geometry":{"type":"Polygon","coordinates":[[[-63.5739732329752,44.6433897890296],[-63.5739364361845,44.6433255918886],[-63.5737603565073,44.64337906288],[-63.5735839498434,44.6430572384801],[-63.5731065608469,44.643191061571],[-63.5729587763046,44.6428928687598],[-63.5724768041035,44.6418116789495],[-63.5737086378015,44.6414805830465],[-63.5735868729614,44.6412104966228],[-63.5737845427481,44.641146400616],[-63.5738285314509,44.6412340570649],[-63.57395449322,44.6414780768724],[-63.5741391688762,44.6418350704083],[-63.5743626984649,44.6422850727625],[-63.5744548413586,44.642436115875],[-63.5747131195792,44.6423662106434],[-63.5748647210631,44.6426626325091],[-63.5749453924706,44.6428216819391],[-63.5746858530153,44.6428915776738],[-63.5740325900559,44.6430662779735],[-63.5740716640758,44.6431457932416],[-63.5741681332558,44.6433418703146],[-63.5739732329752,44.6433897890296]]]},"properties":{"GLOBALID":"87b2a92f-b362-454a-8a68-0938a4422067","OBJECTID":33,"HEIGHT":70,"SDATE":"Tue, 09 Nov 2004 00:00:00 GMT","SOURCE":"ORIGINAL MAP","SACC":"IN"}},{"type":"Feature","id":34,"geometry":{"type":"Polygon","coordinates":[[[-63.5758823416001,44.6416934732253],[-63.5760829596576,44.6416424966209],[-63.5761275646047,44.6417283370936],[-63.5759269447506,44.6417793117051],[-63.5758823416001,44.6416934732253]]]},"properties":{"GLOBALID":"d3d2981d-7a16-42bf-9d8c-de133c0404f5","OBJECTID":34,"HEIGHT":25,"SDATE":"Sat, 03 Nov 2018 00:00:00 GMT","SOURCE":"Case H00045","SACC":"IN"}},{"type":"Feature","id":35,"geometry":{"type":"Polygon","coordinates":[[[-63.5976116199391,44.6586746191253],[-63.5977965552083,44.6585420285637],[-63.5978445818384,44.6585759851795],[-63.5976624232617,44.6587086517018],[-63.5976623019891,44.6587091922766],[-63.5976116199391,44.6586746191253]]]},"properties":{"GLOBALID":"63cabc46-7150-49d0-853f-c1ef7dba66e2","OBJECTID":35,"HEIGHT":35,"SDATE":"Tue, 09 Nov 2004 00:00:00 GMT","SOURCE":"ORIGINAL MAP","SACC":"IN"}},{"type":"Feature","id":36,"geometry":{"type":"Polygon","coordinates":[[[-63.5834627382943,44.6369013762711],[-63.5831865988709,44.6369622393343],[-63.5827259877089,44.6370718080284],[-63.5826698160542,44.6369359643202],[-63.5825026997669,44.6365422033156],[-63.5832335969299,44.6363730612338],[-63.583400718607,44.6367668221078],[-63.5834627382943,44.6369013762711]]]},"properties":{"GLOBALID":"56a61c20-97f8-4e66-a412-3801b4b3a060","OBJECTID":36,"HEIGHT":66,"SDATE":"Sat, 30 Nov 2019 00:00:00 GMT","SOURCE":null,"SACC":"IN"}},{"type":"Feature","id":37,"geometry":{"type":"Polygon","coordinates":[[[-63.7253457965749,44.7222639165665],[-63.7266741093344,44.7206575183877],[-63.7261892616261,44.7206988760057],[-63.7260552123245,44.7206015099617],[-63.7263075472912,44.7203941837822],[-63.7265403241375,44.7201879726071],[-63.726860968795,44.7204346747816],[-63.7268428937932,44.7204533353806],[-63.7275426697214,44.7209582441617],[-63.7280696816542,44.7213389329802],[-63.727314095194,44.7222856434928],[-63.7266206236424,44.7227997286566],[-63.725955217257,44.7225200301704],[-63.7253457965749,44.7222639165665]]]},"properties":{"GLOBALID":"83f6f1da-b137-4fcb-a2ce-68c4caee56cf","OBJECTID":37,"HEIGHT":14,"SDATE":"Tue, 19 Dec 2023 00:00:00 GMT","SOURCE":"Case 23307","SACC":"IN"}},{"type":"Feature","id":38,"geometry":{"type":"Polygon","coordinates":[[[-63.5735745992796,44.6385630610364],[-63.5733905722072,44.6381116222856],[-63.5740952493436,44.637935035471],[-63.5742203163907,44.6381556474566],[-63.5739431268368,44.6382272011522],[-63.5741293970025,44.6385626097617],[-63.5737117594471,44.6386672229275],[-63.5736456308658,44.6385451871063],[-63.5735745992796,44.6385630610364]]]},"properties":{"GLOBALID":"d183cdd5-0941-4bbe-a51a-603b944dcac3","OBJECTID":38,"HEIGHT":38,"SDATE":"Tue, 09 Nov 2004 00:00:00 GMT","SOURCE":"ORIGINAL MAP","SACC":"IN"}},{"type":"Feature","id":39,"geometry":{"type":"Polygon","coordinates":[[[-63.5756027221033,44.6415467892114],[-63.5759807520395,44.6414445039721],[-63.576041299388,44.6415611423288],[-63.5756623864079,44.6416636127204],[-63.5756027221033,44.6415467892114]]]},"properties":{"GLOBALID":"35792f89-fbda-465d-aab6-728f07a5dd98","OBJECTID":39,"HEIGHT":25,"SDATE":"Sat, 03 Nov 2018 00:00:00 GMT","SOURCE":"Case H00045","SACC":"IN"}},{"type":"Feature","id":40,"geometry":{"type":"Polygon","coordinates":[[[-63.5912266401397,44.6470634629893],[-63.591375903309,44.6470239943732],[-63.5914530506255,44.6471803386606],[-63.5916323354917,44.6475152193822],[-63.5912659387384,44.6476145591735],[-63.5910791789908,44.6472932292893],[-63.5909847956989,44.6471308374577],[-63.5912266401397,44.6470634629893]]]},"properties":{"GLOBALID":"25a051bd-8b9e-4fd2-bd2e-019b26dbcd8e","OBJECTID":40,"HEIGHT":45,"SDATE":"Tue, 09 Nov 2004 00:00:00 GMT","SOURCE":"ORIGINAL MAP","SACC":"IN"}},{"type":"Feature","id":41,"geometry":{"type":"Polygon","coordinates":[[[-63.5782985231518,44.6360183448968],[-63.5776443924198,44.6361828900642],[-63.5775999096436,44.6360965089114],[-63.5775331261904,44.6361134106936],[-63.5774922878793,44.6360257516224],[-63.5774334176855,44.6360396433052],[-63.5773585619712,44.6358784236391],[-63.5772907337773,44.6357392262919],[-63.5768084893867,44.6358690474306],[-63.5769698052522,44.6361921486045],[-63.577000422532,44.6362535723724],[-63.5770421025645,44.6363370857337],[-63.5776443924198,44.6361828900642],[-63.5776891312159,44.636269629054],[-63.5777336139922,44.636355829688],[-63.5776280799126,44.6363812995435],[-63.577661821533,44.6364524303442],[-63.5776900250396,44.6365118856727],[-63.5777407627852,44.6366185800029],[-63.5784320478374,44.6364622193961],[-63.5785884535115,44.6364217348738],[-63.5786721001392,44.636670686688],[-63.5785116852839,44.6367109185448],[-63.5780234140961,44.6368310533534],[-63.5780320325329,44.636848205495],[-63.5779080057349,44.6368778204618],[-63.5779468327181,44.6369531560623],[-63.5779895143722,44.6370358546948],[-63.5780307838747,44.6371158595569],[-63.5780726938759,44.6371969413847],[-63.5780894070318,44.6372293565697],[-63.5786345227125,44.6370941690653],[-63.5788018896297,44.6370569679964],[-63.5789404457791,44.637469331672],[-63.5789816550945,44.6375904601603],[-63.5788060452362,44.6376435407668],[-63.5785402427268,44.6377059250074],[-63.578534707308,44.6377072130128],[-63.5785034261732,44.637629948618],[-63.5783045463558,44.6376767790035],[-63.5782797627354,44.6376190168564],[-63.5782578240796,44.6375681741022],[-63.5782520362342,44.6375695535177],[-63.5781551798803,44.6375927299947],[-63.5780521592869,44.6376173779229],[-63.578091137187,44.6376951434742],[-63.5780024707735,44.6377178283496],[-63.5779112899756,44.6377413365164],[-63.5778100489447,44.6377675056965],[-63.5777265433526,44.63778935446],[-63.5778515789587,44.638051418809],[-63.5779407726832,44.6380309821483],[-63.5780464397134,44.6380061400773],[-63.5781381478225,44.637984880743],[-63.5782260803124,44.6379644498117],[-63.5783248204335,44.6379404533818],[-63.5784210452718,44.6379170098555],[-63.578602444772,44.637874859297],[-63.5788589452267,44.6378152238301],[-63.5790446494538,44.6377756172451],[-63.5790970356079,44.6379295926306],[-63.5780074456436,44.6381828257521],[-63.577936882978,44.638199225152],[-63.5776570622586,44.6382779640678],[-63.5780188003488,44.6390052196482],[-63.5780913572743,44.6389855260674],[-63.5785498843447,44.6399181718138],[-63.5775222071681,44.6401723729258],[-63.5777898099014,44.6406901242292],[-63.5781449929849,44.6413779787455],[-63.577267656956,44.6416152406895],[-63.5763270921074,44.641864400959],[-63.5753609432396,44.6421203646563],[-63.5747231384895,44.6408868909608],[-63.5747049089775,44.6408570255665],[-63.5743901446918,44.6402477374862],[-63.5743009150346,44.6402716358064],[-63.57393832085,44.6403662759724],[-63.5735752963723,44.6404560543937],[-63.5734281523288,44.640489031513],[-63.5733859126458,44.6404059606865],[-63.5730863280918,44.6404843476165],[-63.5730932720689,44.6404980861076],[-63.5730144179533,44.6405190977985],[-63.5729466301836,44.6405370836157],[-63.5728783393574,44.6405552503146],[-63.5727975978814,44.6405767221922],[-63.5728515974097,44.6406822316862],[-63.5727484636286,44.6407089473134],[-63.5726816765822,44.6407262063294],[-63.5726148913324,44.6407435567424],[-63.5725474736686,44.6407609097068],[-63.5724806884188,44.6407781687074],[-63.5724137747099,44.6407954296203],[-63.5723097587832,44.6408223286384],[-63.5721411620723,44.6404884556136],[-63.5720305722744,44.6405177925977],[-63.5719590825474,44.6403861071472],[-63.5718149891826,44.6401201715904],[-63.5716317301697,44.6397820509709],[-63.5712759065873,44.6398731380683],[-63.5714444736537,44.6401918871329],[-63.571507687202,44.6403114848545],[-63.571599680077,44.6404854054561],[-63.5716270580319,44.6405516990456],[-63.5715247390227,44.640579234797],[-63.5714536265882,44.6405982733198],[-63.5714206000267,44.6405349634641],[-63.5712871597829,44.6402826814816],[-63.5712516197353,44.6402151181712],[-63.5712342993183,44.6401823102793],[-63.5711021014444,44.6399188877002],[-63.5709938373847,44.6397752730445],[-63.5709012058076,44.6395887135706],[-63.5708083658213,44.6394030100114],[-63.5707675221203,44.6393235484191],[-63.5706971786436,44.6393402312972],[-63.5706615424763,44.6392911305689],[-63.5707381319391,44.6392719247882],[-63.571333471529,44.6391231361813],[-63.5717850177914,44.639013364901],[-63.572878856787,44.6387381604453],[-63.5735745992796,44.6385630610364],[-63.573645768308,44.6385451736831],[-63.5737116785987,44.638667279177],[-63.5737968155315,44.638838925973],[-63.573893576664,44.639033729626],[-63.5739656628723,44.639178833518],[-63.5750058401061,44.6389360095621],[-63.5755437234504,44.6387999663145],[-63.5761170354513,44.6386552085597],[-63.5770319102793,44.6384331104143],[-63.5773218630968,44.6383544234843],[-63.5772333215492,44.6381992162031],[-63.5771921310985,44.6381144392584],[-63.5771061443595,44.6379370713425],[-63.5770672697655,44.6378567844439],[-63.5770040660988,44.6377263847942],[-63.5769731721378,44.63766271193],[-63.5768067215022,44.6376992925781],[-63.5765934686403,44.6377462827097],[-63.5764411233513,44.6374124226663],[-63.5761877364574,44.6374682565187],[-63.5762916194335,44.6376958587488],[-63.5763936985925,44.6379196005587],[-63.5762798380285,44.6379448415313],[-63.5761492463424,44.6379738582811],[-63.5760138738223,44.6380039795632],[-63.5758874332512,44.6380320745497],[-63.5758628292938,44.6379795331489],[-63.5757362638568,44.6380076287865],[-63.5756692800794,44.6378644645153],[-63.5756449007009,44.6378599958197],[-63.5755293557958,44.6376131853469],[-63.5751329193794,44.6377004668045],[-63.5750649196073,44.6375437722491],[-63.5749211972467,44.6372523599556],[-63.5748714054272,44.6371515104923],[-63.5748322882881,44.6370720343107],[-63.5747797952345,44.6369658867054],[-63.5747134842952,44.6368393740572],[-63.5746469954894,44.6367075504965],[-63.5747643298386,44.6366768903182],[-63.5746416954292,44.6364266044729],[-63.5744403694993,44.6364786167254],[-63.5736235026654,44.6366896523438],[-63.5737491572107,44.6369398341405],[-63.5736714331757,44.6369598505809],[-63.5734528739654,44.6369418630155],[-63.5734180157391,44.6369103496057],[-63.5732721697611,44.6368757020941],[-63.5733607652077,44.6367178905126],[-63.573382499946,44.636683466613],[-63.5730230534581,44.6365852823518],[-63.5730939170593,44.636456984804],[-63.5731850071274,44.6363220281777],[-63.5733459286325,44.6361977929638],[-63.5732677491516,44.6360436109871],[-63.5730355642951,44.6361396649856],[-63.5728967961433,44.6364007172246],[-63.5728371938225,44.6365345128416],[-63.5719487591082,44.6362918254802],[-63.5718634604787,44.6361120548948],[-63.5718554726592,44.6360964980446],[-63.5727567469938,44.6358536106903],[-63.5726513018475,44.6356446488941],[-63.5727665997159,44.6356121113699],[-63.5728808914712,44.6355797579263],[-63.5730134136368,44.635542271428],[-63.5730847308872,44.6355180330058],[-63.5729191300578,44.63519475101],[-63.5726524813354,44.635265182663],[-63.5725993765291,44.6351730821736],[-63.5720394754771,44.634202167064],[-63.5715345324559,44.6333305443458],[-63.5717000317757,44.6332874347659],[-63.5717036951054,44.633286480994],[-63.5717840305429,44.6332655549016],[-63.5718400530773,44.6331548104555],[-63.5716801062443,44.632864916103],[-63.57167194505,44.6327019194133],[-63.5715288425269,44.6326630246747],[-63.5715102932146,44.6327125426976],[-63.5711546852279,44.6333333481262],[-63.5712372736402,44.6333468882232],[-63.5712308156516,44.6333825715192],[-63.5712168639169,44.6334895925091],[-63.5712058317069,44.633547354292],[-63.5711875078718,44.6336714123539],[-63.5711897743212,44.6337610668911],[-63.5712070561107,44.6338646902036],[-63.5710071674852,44.6343021938293],[-63.5709021885645,44.6345319595327],[-63.5704426976017,44.6345394802332],[-63.5705191747751,44.6346881802328],[-63.5702958670702,44.6347121645835],[-63.5702582069986,44.6347162237677],[-63.5702274756327,44.6347195280073],[-63.5702297564552,44.634733470503],[-63.5702323768409,44.6349364663653],[-63.5698558686508,44.6349852511594],[-63.5697548791482,44.6349983593849],[-63.5697697013504,44.6350827298526],[-63.5694386191676,44.6351224635662],[-63.5694202333487,44.6351247162377],[-63.5693842486351,44.6351283944078],[-63.5705797939888,44.6329681798332],[-63.5719679992249,44.6304595312124],[-63.5694150006622,44.6311525074641],[-63.5678631771785,44.6281635822767],[-63.5678349790618,44.628109281498],[-63.5677835352404,44.6280099319622],[-63.5693366540947,44.6275631133144],[-63.5742789404461,44.6261410715788],[-63.5744049956401,44.6260982584256],[-63.5760829470812,44.6255284066909],[-63.571980139956,44.6238267882037],[-63.5720269817081,44.6237414736577],[-63.5722464697765,44.6234903615899],[-63.5724004203549,44.6233188151706],[-63.5725581492474,44.6231472989341],[-63.5727121133006,44.6229748525456],[-63.5728648008478,44.6228032950124],[-63.5730162145839,44.6226326282606],[-63.57317401085,44.6224566119825],[-63.5733318080145,44.6222805951708],[-63.5734870413872,44.6221072581084],[-63.5736422738616,44.6219339205284],[-63.5736820620421,44.6218883440566],[-63.5739489254619,44.6215890149156],[-63.574234685842,44.6212700377081],[-63.5745970536512,44.6208481828498],[-63.575104767975,44.6203006080829],[-63.5753830678467,44.6199906553757],[-63.5814663987636,44.6233714715043],[-63.5831130430188,44.6242864822026],[-63.5850627608845,44.6253698341205],[-63.5881532520244,44.6270869532214],[-63.592310223968,44.6293962115026],[-63.5953628088979,44.6310917092677],[-63.5967285607435,44.631850308347],[-63.5972989954405,44.6320988399547],[-63.5976797508652,44.6322648569646],[-63.6040690273067,44.6350505877016],[-63.6090604829452,44.637226402123],[-63.6091959884159,44.637285381723],[-63.613773045824,44.6390075801928],[-63.6158099362049,44.6397613675547],[-63.6128094391884,44.6403698956449],[-63.6123403137942,44.6403833497284],[-63.6122670328266,44.6403944797539],[-63.6122215214793,44.640403125928],[-63.6121735029342,44.6404108523224],[-63.612121649481,44.6404221491682],[-63.612076110286,44.6404325952652],[-63.6120115968755,44.6404473935264],[-63.6119495637136,44.6404649108483],[-63.6118925440493,44.6404842677192],[-63.6118355252832,44.6405036239446],[-63.6117886026827,44.640522158181],[-63.6117441998565,44.6405407135044],[-63.6114466913091,44.6407655213542],[-63.611431766699,44.640776796399],[-63.6110352566208,44.6411516935887],[-63.6109730976947,44.6411734420064],[-63.6094891024049,44.6416931133756],[-63.6092800815063,44.6417590374267],[-63.6083869261452,44.6420535442733],[-63.6080130814599,44.6421811071965],[-63.6070630313002,44.6424796628718],[-63.6062586842864,44.642726927535],[-63.6060054968185,44.6428043692185],[-63.6048629933891,44.6431447955304],[-63.6047784125135,44.6431719050174],[-63.6046768462925,44.6432045066914],[-63.604590618805,44.6432323486138],[-63.6040486328548,44.643405547812],[-63.6022836059165,44.6439228215862],[-63.6022834091855,44.6439226547707],[-63.6022589238058,44.6438365075613],[-63.6021907461673,44.6436395232984],[-63.601990701235,44.6436945746002],[-63.6019653615575,44.6436164176251],[-63.6018070945741,44.6436637947592],[-63.6016955902911,44.6436971516234],[-63.601478997493,44.6437624796344],[-63.60135554921,44.6437993197632],[-63.6013727591342,44.6438295677667],[-63.6011922480677,44.6438843523666],[-63.601180572664,44.6438649685078],[-63.6009969130025,44.6439202209249],[-63.600908414574,44.6439468832907],[-63.6008297194601,44.6439704343127],[-63.600816521412,44.6439745542066],[-63.6006519563401,44.6440227734335],[-63.6006283261566,44.6440300992449],[-63.6004004334505,44.6441004364464],[-63.6002258386885,44.6441543790463],[-63.6000060245317,44.6442134206308],[-63.5999600020431,44.6441280497666],[-63.5998705379256,44.6439630560843],[-63.5989878784802,44.6442239005585],[-63.598545247997,44.6443568472602],[-63.5984475633964,44.6443856268798],[-63.5983500072549,44.6444144959641],[-63.598174991183,44.6444647466329],[-63.5980633449663,44.6444969302259],[-63.5979430353969,44.6445328501753],[-63.5976575256467,44.6446169875571],[-63.5974419353685,44.6446825733807],[-63.597044096682,44.644794125418],[-63.5969323130229,44.6448254076547],[-63.5967613061322,44.6448732951052],[-63.5965825045597,44.644923472516],[-63.5964392852557,44.6449635618769],[-63.5963971623537,44.6449753953434],[-63.5962778355412,44.6450088773616],[-63.5961425384797,44.6450467642293],[-63.596030753024,44.6450778660958],[-63.5959409726996,44.645102911577],[-63.5958515714642,44.645128045247],[-63.5957322419568,44.6451613469434],[-63.5956112541594,44.6451929466278],[-63.595481356871,44.6452286443695],[-63.5953640333016,44.6452609444987],[-63.5952599140686,44.6452895753928],[-63.5951478716948,44.6453204074185],[-63.5950191053853,44.64535582898],[-63.59489436263,44.6453901480311],[-63.5947766608699,44.645422539465],[-63.5946432242193,44.6454576241463],[-63.5945964408576,44.6454699311022],[-63.5944336957726,44.645512190546],[-63.5942745960509,44.6455534395069],[-63.5941484510254,44.6455863248909],[-63.594024693722,44.6456184771838],[-63.5938990499565,44.6456510902652],[-63.5937627153408,44.645686459217],[-63.5936398635391,44.6457208573234],[-63.5931530206726,44.6458487023428],[-63.5929303426867,44.6459002734661],[-63.5925688731928,44.6459937054663],[-63.5924429707124,44.6460260473512],[-63.592332918107,44.6460543468053],[-63.5922189713048,44.6460841059872],[-63.5920923169346,44.6461168114787],[-63.5919720783321,44.6461478629205],[-63.5918567696839,44.6461802398708],[-63.591617668698,44.6462415258813],[-63.5914867140925,44.6462730827958],[-63.5913721330797,44.6463027543069],[-63.5912456053719,44.6463355485119],[-63.5911370673261,44.6461902727016],[-63.5910032821291,44.6459304360107],[-63.5908806495164,44.645961768764],[-63.5907556246901,44.645993654976],[-63.5906386532603,44.6460236084807],[-63.5905150136362,44.646055216643],[-63.5903809715211,44.6457946603376],[-63.5902923248705,44.6458171995227],[-63.5902153158945,44.6456621911588],[-63.5901181127908,44.6454776945301],[-63.5902867813669,44.6454347812378],[-63.5902337735786,44.6453307177782],[-63.5904104695001,44.6452835318255],[-63.5904242999622,44.6452795890622],[-63.5903650973917,44.64516169335],[-63.5902637296984,44.6451883251063],[-63.5901238763817,44.6452250575956],[-63.5899967216499,44.6452582141549],[-63.5899591927323,44.6451882790892],[-63.5899538935704,44.6451755227677],[-63.5899061804524,44.6450838553587],[-63.5898809018603,44.6450407743235],[-63.5898626975011,44.64499882707],[-63.5898185974071,44.6449152430887],[-63.5897379304912,44.6447571274165],[-63.5896902227631,44.6446658198168],[-63.5896454624075,44.6445790876261],[-63.5895983951782,44.6444887672081],[-63.5895592915138,44.6444128086483],[-63.5895057312617,44.6442928448476],[-63.5896748930128,44.6442476470438],[-63.5896193483822,44.6441420654199],[-63.5895598215199,44.644029032522],[-63.5895173060541,44.6439398585037],[-63.5897011651416,44.6438906555707],[-63.5896341705843,44.6437626279153],[-63.5895616010825,44.6437813675535],[-63.5894388507905,44.6438131501448],[-63.5893573601195,44.6436606201359],[-63.589209213556,44.6436999152761],[-63.5890850888417,44.6434586614474],[-63.5890179721135,44.6433199482227],[-63.5890837521485,44.643301575945],[-63.5890365609517,44.6432112560946],[-63.588990142306,44.6431226407139],[-63.5889448753006,44.6430354620068],[-63.5889056521603,44.6429599540629],[-63.588862830369,44.6428777125583],[-63.588816279671,44.6427882881399],[-63.5887753811727,44.6427091884707],[-63.5887313682154,44.6426213725445],[-63.5888230412901,44.6425965023987],[-63.5887928812528,44.6425318409921],[-63.5886853627947,44.6425609327857],[-63.5885466413553,44.6422972468074],[-63.5884511684069,44.642323228577],[-63.5883686159273,44.642162228983],[-63.5883305596986,44.6420896856067],[-63.5882865853688,44.6420055592601],[-63.5882445397219,44.6419251150049],[-63.5882051935125,44.6418496976553],[-63.5882015921665,44.6418426937068],[-63.5882967848405,44.6418169066668],[-63.5882604722418,44.6417421040525],[-63.5882157325474,44.6416571699364],[-63.5881735296953,44.6415735747488],[-63.5881717276748,44.6415699826355],[-63.5881344215394,44.6414968038259],[-63.588130690836,44.6414895307455],[-63.5880934960917,44.6414150019121],[-63.5879877392299,44.6414434544591],[-63.5879423877828,44.6413602347945],[-63.5878958793056,44.6412748597317],[-63.5878536009951,44.6411962150058],[-63.587807087128,44.6411103002411],[-63.5877705391706,44.6409497932794],[-63.5877247152097,44.6408572128445],[-63.5876930280364,44.6408659279804],[-63.5876476918606,44.6407841488265],[-63.5876035091217,44.6407041630841],[-63.5877712578229,44.6406587374944],[-63.5877185779197,44.6405615104163],[-63.5875710826349,44.6406022413291],[-63.5874965997214,44.640462224382],[-63.5873831559757,44.6402474274836],[-63.5875042380963,44.6401633502394],[-63.587646359659,44.6400650312463],[-63.5878132675371,44.63994893958],[-63.5877309567043,44.6397892085727],[-63.5875310007052,44.6393916944306],[-63.5870899449687,44.6395048744285],[-63.587124005491,44.6395690668486],[-63.5866721322418,44.6396850915212],[-63.5865206780816,44.6397179137564],[-63.5863025329946,44.6392732658118],[-63.5861262862308,44.6393288095985],[-63.5858048142249,44.6386863988661],[-63.5859592714532,44.6386433814743],[-63.5865516178566,44.6384772785222],[-63.5864966194016,44.6383699094171],[-63.5870004458169,44.6382468713399],[-63.5872257244256,44.6386687991899],[-63.5873825523079,44.638622703405],[-63.58831962271,44.6383636107267],[-63.5892455450194,44.6381077039639],[-63.589866583613,44.6392611122256],[-63.5897579467524,44.6392867706457],[-63.5895871455759,44.6393290633573],[-63.5893947129673,44.6393770499449],[-63.5892606367162,44.6394101504019],[-63.5891510898622,44.6394376336423],[-63.5890568826401,44.6394607160515],[-63.5890366346136,44.6394659516509],[-63.588890485005,44.639502175134],[-63.5889836870124,44.6396539279583],[-63.5891182842864,44.6398964823698],[-63.5892084131571,44.6400685052039],[-63.5895323528351,44.6399822992192],[-63.5895774240079,44.6401000002798],[-63.5895934858851,44.6401421396341],[-63.5902609009036,44.6399693531938],[-63.5901316405207,44.6397195213103],[-63.5903456497641,44.6396597694897],[-63.590706489539,44.6395572552902],[-63.5907567853135,44.6395434910087],[-63.5908034761487,44.6396340850279],[-63.5908403897203,44.6397056445706],[-63.5912533281884,44.639593226237],[-63.5911523063465,44.6393971729285],[-63.5913692881152,44.6393405560061],[-63.5916040942557,44.6392811828357],[-63.5917312426994,44.6392489247597],[-63.5917758817825,44.6393361078783],[-63.5919030239379,44.6393033992032],[-63.5918858086238,44.6392719791195],[-63.5920610115452,44.6392289385118],[-63.5922382275912,44.6391853468884],[-63.5923958217365,44.6391466277989],[-63.5923775428171,44.6391126406308],[-63.5925938409678,44.6390535037288],[-63.5928491574429,44.6389904197407],[-63.5929223117481,44.6391290372111],[-63.5929747688691,44.63922851281],[-63.593226161503,44.6391640080871],[-63.5932150933604,44.639142009631],[-63.5931566723242,44.6390263609969],[-63.5930776610034,44.6388699480722],[-63.5932941819363,44.638810934927],[-63.5935027967964,44.6387519498465],[-63.5935670164578,44.6388710027453],[-63.5937345306987,44.6388284495469],[-63.5940965984706,44.6387365381626],[-63.5942416000322,44.6386996833134],[-63.5943829553321,44.6386637463292],[-63.5943986533917,44.638694723139],[-63.5945911156446,44.6386505980229],[-63.5945458432493,44.6385634189879],[-63.5947243888019,44.6385148647572],[-63.5949323775362,44.6384619242934],[-63.5949838896296,44.6385655456036],[-63.5952286419169,44.6385057516858],[-63.5951862872496,44.6384204484875],[-63.5952996034345,44.6383923095842],[-63.5955571728843,44.6383283063442],[-63.5957738995315,44.6382740010132],[-63.5958259488173,44.6383738066274],[-63.5962617431212,44.6382670087778],[-63.5963293835672,44.6384079942983],[-63.5964256946437,44.6386030269528],[-63.5963309924498,44.6386265686385],[-63.59641177974,44.6387953941411],[-63.596502843757,44.6389704685595],[-63.5965454185115,44.6390524388319],[-63.5966441361747,44.6390269848503],[-63.5971582186557,44.6388941179788],[-63.5969490055175,44.6384729025578],[-63.5968150595222,44.6381983053385],[-63.5966240651163,44.6378072433247],[-63.5965501697011,44.6376217264658],[-63.5964357746395,44.6373580960232],[-63.5964350308345,44.6373563842121],[-63.5966547919906,44.6372994277939],[-63.5968973802365,44.6372383803515],[-63.5971219051586,44.6371862505253],[-63.5972628472334,44.6374055345187],[-63.5974974629311,44.6373294043248],[-63.5973220309393,44.6369192654095],[-63.5974847814143,44.6368803313092],[-63.5975099369372,44.6368743482308],[-63.5975180684871,44.6368926707671],[-63.5977545940031,44.6368186001014],[-63.5975496487609,44.6363583821075],[-63.5975086774991,44.636260649228],[-63.597297079334,44.6357537425712],[-63.5972431786203,44.6356246582086],[-63.5971650701063,44.6356428021548],[-63.5967152351345,44.6351772052492],[-63.5964369738904,44.6348813076709],[-63.5962591604648,44.6347047979626],[-63.5960305553947,44.634468146365],[-63.5958741227711,44.6342985462908],[-63.5956920306697,44.6341100840649],[-63.5953058691836,44.6342095107359],[-63.5949319490398,44.6343108524177],[-63.5928041186095,44.6348280813478],[-63.5927035162808,44.6348525380391],[-63.5918441896767,44.6350399322441],[-63.591725189851,44.6350671119988],[-63.5909531705093,44.6352364777843],[-63.5903597236697,44.635372398983],[-63.5903221902605,44.6353809877351],[-63.5898478088235,44.6354844438721],[-63.589815733578,44.635491612871],[-63.5897413692422,44.6355078672865],[-63.5896378375074,44.6355304545752],[-63.5895405876913,44.635551756998],[-63.5894459861087,44.6355724048394],[-63.5893669702964,44.6355889302665],[-63.5894684987881,44.635781451274],[-63.5892475958732,44.6358298352001],[-63.5892757805152,44.6358826393527],[-63.5876416264358,44.6362621232798],[-63.5880711810417,44.637083644383],[-63.5874988697641,44.6372179223104],[-63.5865757582832,44.6374343693628],[-63.5865097258216,44.6372971138423],[-63.5860426243318,44.6374184868691],[-63.5860787312163,44.6372863801741],[-63.5859576490958,44.6373063076444],[-63.5853413113861,44.6374631575302],[-63.5851719115814,44.6375059565476],[-63.5847496432107,44.6366178378678],[-63.5834627382943,44.6369013762711],[-63.583400718607,44.6367668221078],[-63.5832335969299,44.6363730612338],[-63.5825026997669,44.6365422033156],[-63.5826698160542,44.6369359643202],[-63.5827259877089,44.6370718080284],[-63.5814213581336,44.6373821393564],[-63.5812116230743,44.6369276711166],[-63.581138060934,44.6369452048422],[-63.5811309337006,44.6369469013242],[-63.5811333348973,44.6369328583641],[-63.5811003352853,44.6368605551873],[-63.5810659154369,44.6367849273437],[-63.5810153861005,44.6366744523331],[-63.5809693636119,44.6365733167728],[-63.5809196238946,44.6364659882509],[-63.5808363491694,44.6362832982284],[-63.5807960974582,44.6361918558393],[-63.580748657428,44.6360874868697],[-63.5807175308034,44.6360260667613],[-63.5806829393768,44.6359457593203],[-63.5806532940741,44.6358810016487],[-63.5806195174194,44.6358065404008],[-63.5805872903586,44.6357359444834],[-63.5805535208904,44.6356621133313],[-63.5804886849848,44.6355202019224],[-63.5809479486738,44.6354133483211],[-63.5808227899985,44.6351269804154],[-63.5807851083673,44.635040297249],[-63.5807595530941,44.6349810993044],[-63.5805183293892,44.6350414721684],[-63.5803077786596,44.6350926853372],[-63.5802844278521,44.6350395985618],[-63.5801166351335,44.6346752138489],[-63.5800923509764,44.6346801980188],[-63.5798220964164,44.6341172845567],[-63.579366920062,44.6342287034894],[-63.5792593144673,44.6342508028916],[-63.5791628578637,44.6340238110559],[-63.5790372060133,44.6340501417248],[-63.5788310696051,44.6341024661428],[-63.5788310417573,44.6341024910735],[-63.5787009468396,44.634133830215],[-63.5784552091003,44.6341931153223],[-63.5783160870123,44.6342268803571],[-63.5783160977921,44.634227006928],[-63.5781139705649,44.6342711469145],[-63.5779982217423,44.6342783895767],[-63.5780003381731,44.6346713042444],[-63.578441819711,44.6359853147376],[-63.5782985231518,44.6360183448968]],[[-63.5761275646047,44.6417283370936],[-63.5760829596576,44.6416424966209],[-63.5758823416001,44.6416934732253],[-63.5759269447506,44.6417793117051],[-63.5761275646047,44.6417283370936]],[[-63.5756623864079,44.6416636127204],[-63.576041299388,44.6415611423288],[-63.5759807520395,44.6414445039721],[-63.5756027221033,44.6415467892114],[-63.5756623864079,44.6416636127204]],[[-63.5754044890729,44.6419666745923],[-63.5754363855537,44.6420300717291],[-63.5756129548127,44.6419824593277],[-63.5757041338141,44.6419579628176],[-63.575780601106,44.6419375684392],[-63.5757990866379,44.6419326373039],[-63.5757999660886,44.6419323637425],[-63.5757322034718,44.6417999189806],[-63.5753691179086,44.6418963642052],[-63.5754044890729,44.6419666745923]],[[-63.576231949739,44.640911991942],[-63.5760656239692,44.6405929675131],[-63.5758141882162,44.6406589874123],[-63.5758588443673,44.6407471444325],[-63.5760284876154,44.6407010963195],[-63.5760884016516,44.6408176486038],[-63.5759191653403,44.6408663964948],[-63.575979915708,44.6409828391486],[-63.576231949739,44.640911991942]],[[-63.5768538228675,44.6399687990215],[-63.5769627876132,44.640187631464],[-63.5772033914806,44.6401254799971],[-63.5771615641243,44.6400401663964],[-63.577134652395,44.6399837661455],[-63.5771135985797,44.6399205834561],[-63.5770490043209,44.6397647136933],[-63.5768929004807,44.6398025029945],[-63.5767840911436,44.6398288898464],[-63.5768538228675,44.6399687990215]],[[-63.5741291993731,44.6347962848849],[-63.5739729392261,44.6345107877804],[-63.5739190151562,44.634412479665],[-63.5735456905955,44.6345149172955],[-63.573610645977,44.6346322554899],[-63.5737541626235,44.6348914396203],[-63.5741291993731,44.6347962848849]],[[-63.577899275907,44.6411217043315],[-63.5778261611277,44.6409856444768],[-63.5774901678552,44.6410776807719],[-63.5774625060327,44.641020017247],[-63.5771142732145,44.6411152288896],[-63.5773086416925,44.6415122173333],[-63.5774496646157,44.6414755170081],[-63.5776572347351,44.6414195642916],[-63.577558132593,44.6412174175556],[-63.577899275907,44.6411217043315]],[[-63.5776252870504,44.6406068804737],[-63.5773071693538,44.6406974338428],[-63.5772162706268,44.6405084778608],[-63.5768512860252,44.6406029572071],[-63.5770823479876,44.6410533916106],[-63.5774333089893,44.6409598621694],[-63.5774608675056,44.6410168891385],[-63.5777978058057,44.6409313972409],[-63.5777635449591,44.64086671736],[-63.5774296160152,44.6409522189405],[-63.5773707727708,44.6408297200497],[-63.5776974936329,44.6407420041858],[-63.577660744453,44.6406728683983],[-63.5776252870504,44.6406068804737]],[[-63.5769177433899,44.6367144738841],[-63.5767777894619,44.6364221446156],[-63.5763383821339,44.6365366241903],[-63.576300251345,44.6364421983095],[-63.5759729654426,44.6365218108688],[-63.5760237750534,44.6366233747966],[-63.5760714989512,44.6367188320829],[-63.5761611597997,44.6368983431839],[-63.5761651842522,44.6368973332202],[-63.5763393927386,44.6368549518025],[-63.5769177433899,44.6367144738841]],[[-63.5751687944986,44.6414980540363],[-63.5755294303559,44.6414035665601],[-63.5759079840099,44.6413033494192],[-63.5758788022379,44.6412470501067],[-63.5758473073041,44.6411862612075],[-63.5758397740321,44.6411713468057],[-63.5758125901133,44.6411187372996],[-63.575772868408,44.641041873095],[-63.5756040722712,44.6407152080377],[-63.5751997207989,44.6408203254661],[-63.5753734738394,44.6411511975923],[-63.5750334183853,44.641242666042],[-63.5751034016375,44.6413701508521],[-63.5751687944986,44.6414980540363]],[[-63.576121778556,44.635863237479],[-63.5760224877676,44.6356660401282],[-63.5759651258451,44.6355520855635],[-63.576084348453,44.6355214164646],[-63.5760819041371,44.6355165672451],[-63.5759544484697,44.6352633346331],[-63.5757968776806,44.6353037630716],[-63.5752668977141,44.635439737169],[-63.5752950455253,44.6354937920164],[-63.5753284673454,44.6355585322216],[-63.5753598347185,44.6356195028057],[-63.5753932601319,44.6356845139046],[-63.5754257836368,44.6357475484308],[-63.5754589503354,44.6358119303843],[-63.5754972580923,44.6358862797602],[-63.5755162502741,44.635881502804],[-63.5755822333283,44.6360129696347],[-63.576121778556,44.635863237479]],[[-63.5766995722518,44.6407850577329],[-63.576547381473,44.6404696919014],[-63.5761812667907,44.6405626066052],[-63.5762982660682,44.640802927138],[-63.5763372565449,44.6408817743759],[-63.576406527433,44.6410134932167],[-63.576042872338,44.641108477325],[-63.5762037579105,44.6414287932337],[-63.5762118229851,44.6414447104231],[-63.57622725694,44.6414751520437],[-63.5762424330784,44.641505144314],[-63.5762838445147,44.641586858535],[-63.5762991509088,44.6416171211146],[-63.5763172851995,44.6416529501681],[-63.5763361920412,44.6416903061641],[-63.5763469188241,44.641711436947],[-63.5764536045438,44.6416805422825],[-63.5764809393796,44.6417349198467],[-63.5767364480942,44.6416677602622],[-63.5766463434779,44.6414902542825],[-63.5768293806069,44.641440187674],[-63.5768868907515,44.6414304812754],[-63.5770166721572,44.64139931098],[-63.5769736581264,44.6413144696807],[-63.5766046248178,44.6414080694979],[-63.576473937012,44.6411483737361],[-63.576836991134,44.6410494913843],[-63.5767679807573,44.6409184916952],[-63.5765318738562,44.6409793607715],[-63.5765059251209,44.6409152031487],[-63.5765457133015,44.6408993011542],[-63.5765176122027,44.6408338606202],[-63.5766995722518,44.6407850577329]],[[-63.576714739407,44.6348320567834],[-63.576613275594,44.6346318994318],[-63.5766023341138,44.6346346552062],[-63.5762615016169,44.634720458743],[-63.5767241573445,44.6356801479573],[-63.5767728657958,44.6356969169007],[-63.577270409394,44.6355716089953],[-63.5771329231381,44.6352863790702],[-63.5772158044011,44.6352655252932],[-63.5772940314927,44.6352457748297],[-63.5773662219056,44.6352275853737],[-63.577460800132,44.63520379045],[-63.5774095647197,44.6350974578837],[-63.5772637986918,44.6351341149398],[-63.5772274824998,44.6350575956662],[-63.5771861483187,44.634970748751],[-63.5771359253078,44.634864770536],[-63.5770772078275,44.6347414610198],[-63.576896602438,44.6347865760964],[-63.576714739407,44.6348320567834]],[[-63.5750063503491,44.6361604506906],[-63.5747455990666,44.6356367294564],[-63.5746558124539,44.6354564985111],[-63.5745684647673,44.6352807563562],[-63.5742988453162,44.6353518846705],[-63.574307466448,44.635369485992],[-63.5741238597871,44.6354174943921],[-63.5739354875636,44.6354682258864],[-63.5737341221078,44.63507105226],[-63.5737008017973,44.6350795068168],[-63.573317831127,44.6351766759613],[-63.5734617160827,44.6354604361889],[-63.5734254942138,44.6354695305615],[-63.5734787265809,44.6355745040777],[-63.5735301605208,44.6356758849258],[-63.5733491787372,44.6357218085418],[-63.5733661533028,44.6357553930635],[-63.5737715054983,44.6356524347315],[-63.5737863070393,44.6356574021975],[-63.5738253981272,44.6357346283081],[-63.5738621733583,44.6358070946129],[-63.573898819232,44.6358792009413],[-63.5739331519438,44.6359469086523],[-63.5739734000618,44.6360262892124],[-63.5741906037144,44.6359711807745],[-63.5742390381795,44.6360624036174],[-63.5743717436015,44.6363240724157],[-63.5750063503491,44.6361604506906]],[[-63.5728090549945,44.6289850371031],[-63.5727689110811,44.6289157377098],[-63.5720644710999,44.6291111219195],[-63.5719878421112,44.6289724153088],[-63.5719113370901,44.6288336175853],[-63.5718329069792,44.6286912278978],[-63.5715961739524,44.6287576851993],[-63.5714038221922,44.628811945095],[-63.5711740609903,44.6283951924024],[-63.5703031793566,44.6286387528387],[-63.570773638749,44.6294823801528],[-63.5707882732033,44.6295089551764],[-63.5720968194333,44.6291697472829],[-63.5728090549945,44.6289850371031]],[[-63.5781205129951,44.6394201684239],[-63.5779275297193,44.6390329530053],[-63.577568700374,44.6391241614469],[-63.5773823834959,44.6391713811731],[-63.577426754881,44.6392563560013],[-63.577439496585,44.6392807552167],[-63.5761531701836,44.6396170014636],[-63.5758729991212,44.6396933830524],[-63.574877302867,44.6399666980246],[-63.5749218772714,44.640049566859],[-63.5744934150169,44.6401647960681],[-63.5746278928149,44.6404261868601],[-63.5752406839758,44.6402705977775],[-63.5753971956512,44.6405922842331],[-63.5764737977731,44.6403139872439],[-63.5763548536429,44.6400557624578],[-63.5767361031411,44.6399612010441],[-63.5767089560532,44.6399076840773],[-63.5766827180604,44.6398559625317],[-63.5766443968287,44.6397804427794],[-63.5766177842384,44.6397279988398],[-63.5767217929786,44.6397009171461],[-63.576741983513,44.6397406067896],[-63.5768047523951,44.6397253455771],[-63.5768775860017,44.6397076931636],[-63.5769413600987,44.6396922459391],[-63.5770131857955,44.6396748677268],[-63.5771489158451,44.639641962373],[-63.5772175947435,44.6396253166544],[-63.5773568416974,44.6395915662662],[-63.5775324416742,44.6395489988949],[-63.5775427444522,44.6395705542394],[-63.5781205129951,44.6394201684239]],[[-63.5780743440811,44.6332629997891],[-63.5779772290124,44.6338831568823],[-63.5779719343421,44.6339166817394],[-63.5779563315039,44.6340153167118],[-63.5781080291076,44.6339832704963],[-63.578912548598,44.6337907972202],[-63.5791360961531,44.6337372790371],[-63.5795999538264,44.6336262446308],[-63.5813650795793,44.6332035603095],[-63.5832487029997,44.6327525899945],[-63.5832031081091,44.6326450114854],[-63.5822563448851,44.6304686474652],[-63.5813195125366,44.6307988204287],[-63.5801714422473,44.6298319664592],[-63.5774254882565,44.6301132384841],[-63.5775893292862,44.6307687260921],[-63.5778876157746,44.6317645593798],[-63.578030451498,44.6323055336102],[-63.5780777037803,44.6324844811062],[-63.5781346075619,44.6327918420208],[-63.5781253674909,44.6328979678553],[-63.5781044304566,44.6330264995699],[-63.5780932069055,44.6331398377344],[-63.5780863213188,44.6332115714933],[-63.5780743440811,44.6332629997891]]]},"properties":{"GLOBALID":"25bc7205-8a6d-45bf-bcc7-1d100308a58b","OBJECTID":41,"HEIGHT":35,"SDATE":"Sat, 28 Jan 2012 00:00:00 GMT","SOURCE":"CASE 17156","SACC":"IN"}},{"type":"Feature","id":42,"geometry":{"type":"Polygon","coordinates":[[[-63.5961640073166,44.6374266253133],[-63.5949105772209,44.6345379869604],[-63.5928122708207,44.6350480377816],[-63.5899175926498,44.6356830960904],[-63.5894684987881,44.635781451274],[-63.5893669702964,44.6355889302665],[-63.5894459861087,44.6355724048394],[-63.5895405876913,44.635551756998],[-63.5896378375074,44.6355304545752],[-63.5897413692422,44.6355078672865],[-63.589815733578,44.635491612871],[-63.5898478663157,44.6354845992057],[-63.5898477522297,44.6354842751145],[-63.5903221902605,44.6353809877351],[-63.5903597236697,44.635372398983],[-63.5909531705093,44.6352364777843],[-63.591725189851,44.6350671119988],[-63.5918441896767,44.6350399322441],[-63.5927035162808,44.6348525380391],[-63.5928041186095,44.6348280813478],[-63.5949319490398,44.6343108524177],[-63.5949475923022,44.6343116655386],[-63.594963248141,44.6343130258542],[-63.5949786380784,44.6343149333643],[-63.5949978530424,44.63431915047],[-63.5950164257108,44.6343240924802],[-63.5950348923781,44.6343295816845],[-63.5950528730569,44.6343358827304],[-63.5950627437452,44.6343406016425],[-63.5950722533108,44.6343458517673],[-63.59507453593,44.6343471916262],[-63.5950815230262,44.6343512975009],[-63.5950902771087,44.6343570193879],[-63.5950985299312,44.6343632718482],[-63.5951064072579,44.634369634258],[-63.5951137860197,44.6343763444166],[-63.5951206689113,44.6343833313675],[-63.5951271745107,44.6343904985848],[-63.5951366202959,44.6344011624717],[-63.5951454273789,44.6344121868908],[-63.5951532265522,44.6344235827091],[-63.5951600357821,44.6344353365021],[-63.595166093122,44.6344472801484],[-63.5952002317978,44.6345240501709],[-63.5954299894064,44.6350407018866],[-63.5957887621578,44.6358673247088],[-63.5958275514118,44.6359567016247],[-63.5960988507125,44.6365816816199],[-63.5964357746395,44.6373580960232],[-63.5965501697011,44.6376217264658],[-63.5962776963024,44.6376886331325],[-63.5959092603734,44.6377791079592],[-63.5940379348893,44.6382385572299],[-63.5929197048371,44.638513283377],[-63.5911542098766,44.6389469135902],[-63.591016710146,44.6386899285165],[-63.5910157336773,44.6386880921011],[-63.5915168741299,44.6385663925425],[-63.5961640073166,44.6374266253133]]]},"properties":{"GLOBALID":"001b4034-63ce-493d-9a53-b1497c32624a","OBJECTID":42,"HEIGHT":55,"SDATE":"Sat, 28 Jan 2012 00:00:00 GMT","SOURCE":"CASE 17156","SACC":"IN"}},{"type":"Feature","id":43,"geometry":{"type":"Polygon","coordinates":[[[-63.7245111035725,44.7192450576282],[-63.7247141363014,44.7190127558155],[-63.7249158691682,44.719121402215],[-63.7251732814128,44.7192600291816],[-63.7254114993548,44.7193882437339],[-63.7252285987697,44.7196047581007],[-63.725097720521,44.7195284377422],[-63.7250146209674,44.7194763889195],[-63.7249103975298,44.7194111506949],[-63.7247408297401,44.7193405627317],[-63.7245111035725,44.7192450576282]]]},"properties":{"GLOBALID":"57c3503c-9a30-4018-ab31-f51736d5199c","OBJECTID":43,"HEIGHT":14,"SDATE":"Tue, 19 Dec 2023 00:00:00 GMT","SOURCE":"Case 23307","SACC":"IN"}},{"type":"Feature","id":44,"geometry":{"type":"Polygon","coordinates":[[[-63.589359222327,44.6528530945537],[-63.5894238067044,44.6528044174442],[-63.5894772735318,44.6528409617056],[-63.5895944910999,44.652920928797],[-63.589654561443,44.6529619405177],[-63.5896960995417,44.6529912545789],[-63.5896331806409,44.6530300200249],[-63.5896282929075,44.6530330164825],[-63.5896126262889,44.6530427298863],[-63.5895575056631,44.6530794746558],[-63.589556881334,44.6530801079437],[-63.5894802137177,44.6531311876074],[-63.5894194570618,44.653171742906],[-63.5891633401878,44.6530006670018],[-63.5892237959081,44.652955162214],[-63.5892955138071,44.6529011370544],[-63.589359222327,44.6528530945537]]]},"properties":{"GLOBALID":"49cf06e8-2d3f-47c7-83e7-2f0d98caaf74","OBJECTID":44,"HEIGHT":50,"SDATE":"Tue, 09 Nov 2004 00:00:00 GMT","SOURCE":"ORIGINAL MAP","SACC":"IN"}},{"type":"Feature","id":45,"geometry":{"type":"Polygon","coordinates":[[[-63.5700395193292,44.636276487293],[-63.5700770796878,44.6363424584089],[-63.5701720980887,44.6363373017914],[-63.570179532546,44.6363369054726],[-63.5702177145388,44.6363347340296],[-63.5702664831773,44.6363319693868],[-63.5703158824331,44.636329202187],[-63.5703367332291,44.6363340487817],[-63.5704331844429,44.6363721874156],[-63.5705472237715,44.63641672081],[-63.5706549416556,44.6364594848028],[-63.570758859666,44.6365003771223],[-63.5708553072865,44.6365380656348],[-63.5709222677077,44.6365646482945],[-63.5709461880471,44.6365738914326],[-63.5711854147972,44.636668032007],[-63.5711852513038,44.6366770347819],[-63.5712078574079,44.636834827298],[-63.5712251589603,44.6369404324477],[-63.5712757987895,44.6370896223261],[-63.57126988518,44.6370909116236],[-63.5709081461914,44.6371684337005],[-63.5708730418268,44.6371759911338],[-63.5708047168646,44.637190197674],[-63.5707731347941,44.6371970174512],[-63.5706800271099,44.6372170184617],[-63.5705018813076,44.6372553169579],[-63.5701658476109,44.6371687251823],[-63.5700955310838,44.6367568560436],[-63.5700136029332,44.6362827938805],[-63.5700395193292,44.636276487293]]]},"properties":{"GLOBALID":"a62a28c5-0302-4118-bf7b-c8b085f4e53c","OBJECTID":45,"HEIGHT":35,"SDATE":"Sat, 28 Jan 2012 00:00:00 GMT","SOURCE":"CASE 17156","SACC":"IN"}},{"type":"Feature","id":46,"geometry":{"type":"Polygon","coordinates":[[[-63.5729935473943,44.6432423429665],[-63.5728182618279,44.6429295266436],[-63.5721016990819,44.6431208018822],[-63.5719966348212,44.6431478474655],[-63.5719379272225,44.6430348733497],[-63.5715465096936,44.6422838078684],[-63.5716616988659,44.6422541451673],[-63.5719427242261,44.6421808310797],[-63.5719525068795,44.6421998096351],[-63.5721576021404,44.6421447780071],[-63.5722652140232,44.6421159531737],[-63.5722236507716,44.6420346174421],[-63.5723578312273,44.6419997083775],[-63.5723199483734,44.6419247021061],[-63.5721895632999,44.6419587419558],[-63.5720232213604,44.6416387958538],[-63.5725056975163,44.6415014166931],[-63.5735868729614,44.6412104966228],[-63.5737086378015,44.6414805830465],[-63.5724768041035,44.6418116789495],[-63.5729587763046,44.6428928687598],[-63.5731065608469,44.643191061571],[-63.5731187069679,44.6432199593722],[-63.5729935473943,44.6432423429665]]]},"properties":{"GLOBALID":"9508799b-3013-455c-ad45-2f6460875135","OBJECTID":46,"HEIGHT":52,"SDATE":"Tue, 09 Nov 2004 00:00:00 GMT","SOURCE":"ORIGINAL MAP","SACC":"IN"}},{"type":"Feature","id":47,"geometry":{"type":"Polygon","coordinates":[[[-63.7244268317174,44.7240250476774],[-63.7249023558114,44.7239735128677],[-63.724913988096,44.7246721537048],[-63.7248262199978,44.7246815321478],[-63.7247446547666,44.7246923121856],[-63.7246415874608,44.7247101595581],[-63.7245407695365,44.7247261917441],[-63.7244588692337,44.7247403940655],[-63.7244467689268,44.7247420911699],[-63.7243639460543,44.7247532388278],[-63.7242691495373,44.7247660823108],[-63.7241736011304,44.7247793808622],[-63.7240788109016,44.7247927636594],[-63.7238891127647,44.7248202517414],[-63.7238321380162,44.7248283543024],[-63.7237942012634,44.7248339951393],[-63.7237139349961,44.7248475566333],[-63.7236297862102,44.7248637540874],[-63.7235524565356,44.7248799068597],[-63.7234956183309,44.7248889093413],[-63.7233859996118,44.7246345499243],[-63.7234245535071,44.7245871317373],[-63.7238253162099,44.724362408293],[-63.7244268317174,44.7240250476774]]]},"properties":{"GLOBALID":"2eafa384-f194-432c-a53e-a6fdbbffbc82","OBJECTID":47,"HEIGHT":14,"SDATE":"Tue, 19 Dec 2023 00:00:00 GMT","SOURCE":"Case 23307","SACC":"IN"}},{"type":"Feature","id":48,"geometry":{"type":"Polygon","coordinates":[[[-63.5764809393796,44.6417349198467],[-63.5764536045438,44.6416805422825],[-63.5763469188241,44.641711436947],[-63.5763361920412,44.6416903061641],[-63.5763172851995,44.6416529501681],[-63.5762991509088,44.6416171211146],[-63.5762838445147,44.641586858535],[-63.5762424330784,44.641505144314],[-63.57622725694,44.6414751520437],[-63.5762118229851,44.6414447104231],[-63.5762037579105,44.6414287932337],[-63.576042872338,44.641108477325],[-63.576406527433,44.6410134932167],[-63.5763372565449,44.6408817743759],[-63.5762982660682,44.640802927138],[-63.5761812667907,44.6405626066052],[-63.576547381473,44.6404696919014],[-63.5766995722518,44.6407850577329],[-63.5765176122027,44.6408338606202],[-63.5765457133015,44.6408993011542],[-63.5765059251209,44.6409152031487],[-63.5765318738562,44.6409793607715],[-63.5767679807573,44.6409184916952],[-63.576836991134,44.6410494913843],[-63.576473937012,44.6411483737361],[-63.5766046248178,44.6414080694979],[-63.5769736581264,44.6413144696807],[-63.5770166721572,44.64139931098],[-63.5768868907515,44.6414304812754],[-63.5768293806069,44.641440187674],[-63.5766463434779,44.6414902542825],[-63.5767364480942,44.6416677602622],[-63.5764809393796,44.6417349198467]]]},"properties":{"GLOBALID":"b23108e2-cea9-4761-b474-d2f4e84cd2c1","OBJECTID":48,"HEIGHT":25,"SDATE":"Sat, 03 Nov 2018 00:00:00 GMT","SOURCE":"Case H00045","SACC":"IN"}},{"type":"Feature","id":49,"geometry":{"type":"Polygon","coordinates":[[[-63.5898285597236,44.637950609726],[-63.5898374593332,44.6379482274054],[-63.5896828350183,44.6376796989099],[-63.5902080952362,44.6375416877839],[-63.5903533555126,44.637826017486],[-63.5904052224405,44.6379274966735],[-63.5905266333444,44.6381650884944],[-63.59065832906,44.6384227751783],[-63.5912896506686,44.6382621623445],[-63.5913580771404,44.638242949192],[-63.5914778593988,44.6384779113303],[-63.5915168741299,44.6385663925425],[-63.5910162124793,44.6386890099892],[-63.5911542098766,44.6389469135902],[-63.5909435360779,44.638997872748],[-63.5902188103409,44.639175369095],[-63.5900496962005,44.6388490904695],[-63.5902882438242,44.6387856508658],[-63.5902558541683,44.63872496102],[-63.5902216481189,44.6386591492163],[-63.5902125266255,44.6386424514408],[-63.590201735164,44.6386227021266],[-63.5901647299642,44.6385543839065],[-63.5901566343469,44.638539391485],[-63.5901114068673,44.6384561721294],[-63.5900827551013,44.6384033850203],[-63.5900663096434,44.6383731316308],[-63.5900242936409,44.6382955670585],[-63.5900167154532,44.6382819226478],[-63.5899784238659,44.6382111795292],[-63.5899717430951,44.638198791133],[-63.589932429225,44.638126703667],[-63.5899265174121,44.6381156607775],[-63.5898871900673,44.6380421330795],[-63.5898419509096,44.6379574735192],[-63.5898285597236,44.637950609726]]]},"properties":{"GLOBALID":"dee18380-dd17-4a91-8422-81aa6126cbb0","OBJECTID":49,"HEIGHT":35,"SDATE":"Sat, 28 Jan 2012 00:00:00 GMT","SOURCE":"CASE 17156","SACC":"IN"}},{"type":"Feature","id":50,"geometry":{"type":"Polygon","coordinates":[[[-63.5896612646716,44.654146098707],[-63.5892462070778,44.6538730352174],[-63.5899013250583,44.6533798229725],[-63.5899598727569,44.653419851532],[-63.5901394585586,44.6535432491589],[-63.5902492254998,44.6534603983214],[-63.5903156352538,44.6535046176142],[-63.59037048908,44.6535411544049],[-63.5904334708629,44.6535830501096],[-63.5902012033614,44.6537617811748],[-63.5900842732541,44.653909487424],[-63.5898638194969,44.6540717720913],[-63.5898091246725,44.6540386557165],[-63.5896612646716,44.654146098707]]]},"properties":{"GLOBALID":"f18be628-cd67-4454-b4c6-585dfa8cc6e3","OBJECTID":50,"HEIGHT":50,"SDATE":"Tue, 09 Nov 2004 00:00:00 GMT","SOURCE":"ORIGINAL MAP","SACC":"IN"}},{"type":"Feature","id":51,"geometry":{"type":"Polygon","coordinates":[[[-63.5840972354474,44.6402018436586],[-63.5841875305065,44.6401761364262],[-63.5840999079354,44.6400139074773],[-63.584010141984,44.6400379752773],[-63.5839684718329,44.6399595711254],[-63.5839440008262,44.6399125744769],[-63.5840389401754,44.6398871803168],[-63.585148917405,44.6395905141629],[-63.5852089985279,44.6397121342319],[-63.5853935771659,44.640061478669],[-63.5853425196201,44.6400749743709],[-63.585378923847,44.6401466279686],[-63.5854137865649,44.6402154089985],[-63.5854512211594,44.6402891282533],[-63.5854847947948,44.6403551248486],[-63.5855188840632,44.6404222897876],[-63.5853840738885,44.6404581803009],[-63.5854673899362,44.6406180897142],[-63.5855022661288,44.6406855541222],[-63.5851366589947,44.6407841577749],[-63.5846649159097,44.6409098666906],[-63.5846297306967,44.6408412347723],[-63.5845487287092,44.6406856346584],[-63.5845023118602,44.6405962068612],[-63.5844643849889,44.6405235694852],[-63.5844201573342,44.6404387217918],[-63.5843178302402,44.6404697641285],[-63.5842603587232,44.6403593268142],[-63.5841919421329,44.6403800579557],[-63.5840972354474,44.6402018436586]]]},"properties":{"GLOBALID":"76e978fc-8c6c-4c33-8d72-7f55a5e35932","OBJECTID":51,"HEIGHT":35,"SDATE":"Sat, 28 Jan 2012 00:00:00 GMT","SOURCE":"CASE 17156","SACC":"IN"}},{"type":"Feature","id":52,"geometry":{"type":"Polygon","coordinates":[[[-63.5701694013462,44.6371696411768],[-63.5704999095055,44.637254808783],[-63.5704369394008,44.6372692780206],[-63.5704354697569,44.6372608237828],[-63.570235306247,44.6372930631484],[-63.5701903635334,44.6373003092688],[-63.5701806994575,44.6372405805254],[-63.5701694013462,44.6371696411768]]]},"properties":{"GLOBALID":"e13fa523-9e30-4e06-809c-8128bad5b0ac","OBJECTID":52,"HEIGHT":45,"SDATE":"Tue, 09 Nov 2004 00:00:00 GMT","SOURCE":"ORIGINAL MAP","SACC":"IN"}},{"type":"Feature","id":53,"geometry":{"type":"Polygon","coordinates":[[[-63.7143210309094,44.7261639497465],[-63.7145846109868,44.7257979874587],[-63.7143494320455,44.7258242100771],[-63.7146917207114,44.7253487412157],[-63.7147764722669,44.7253812500841],[-63.7149520192431,44.7251371858059],[-63.7150367707986,44.7251696960697],[-63.715212438149,44.7249256238783],[-63.7153050490649,44.7247968471734],[-63.7153869511643,44.7246803807452],[-63.7154811952174,44.7245509639667],[-63.7155729527338,44.7244248032636],[-63.7157440755072,44.7241609452029],[-63.715845285097,44.7240128480314],[-63.7159296234275,44.7238894332195],[-63.7160715770053,44.7237278476378],[-63.7160804164277,44.7237177095103],[-63.7179145040483,44.7235958514275],[-63.7177626600192,44.7237944136811],[-63.7180781537369,44.7238102610257],[-63.7180495109541,44.7239648370317],[-63.7180538749697,44.7239603985875],[-63.7180817865239,44.7239506811127],[-63.7180989272778,44.7239480527668],[-63.7181187063838,44.7239444172499],[-63.7181387388146,44.7239407810945],[-63.7181588943146,44.7239369630353],[-63.7181791755788,44.7239329643488],[-63.7181979674362,44.7239311363778],[-63.7182166290379,44.7239290390617],[-63.7182431976108,44.7239229296551],[-63.7182646484815,44.7239218050442],[-63.7182862260146,44.7239205891624],[-63.7183076786819,44.7239194645515],[-63.7183291286542,44.7239181599517],[-63.7183531163673,44.7239179199667],[-63.7183771049786,44.7239175887106],[-63.7184010926916,44.7239173480873],[-63.7184250795064,44.7239170174695],[-63.7184344201887,44.7239166887666],[-63.7184742847261,44.7239137380987],[-63.7185139381593,44.7239140291445],[-63.7185341457616,44.7239143527414],[-63.7185543551606,44.7239148556889],[-63.7185753002797,44.7239135542804],[-63.718595741444,44.7239124354136],[-63.7186163074742,44.7239111359198],[-63.7186400104212,44.7239081967404],[-63.7186638373358,44.7239051662898],[-63.7186873300772,44.7239056488131],[-63.7187109521759,44.7239064006814],[-63.7187349497704,44.7239068800134],[-63.7187589509581,44.7239076299669],[-63.7187741109269,44.7239082548219],[-63.7188214934648,44.7239107491353],[-63.7188455000425,44.7239119477843],[-63.7188695102134,44.7239134183314],[-63.7188770910961,44.7239138204341],[-63.718904036063,44.723917792315],[-63.7189312361515,44.7239219429079],[-63.7189820942713,44.7239298158218],[-63.7189828515511,44.723929811354],[-63.7190023225349,44.7239317599559],[-63.7190101603357,44.7239325207595],[-63.7190207909988,44.7239345248897],[-63.7190287842082,44.7239375355527],[-63.7190325984549,44.7239396724404],[-63.7190443133845,44.723947521098],[-63.7190628806631,44.7239582080869],[-63.719089796884,44.723970012663],[-63.7191033803094,44.7239758686765],[-63.7191254546109,44.7239841934693],[-63.7191465263925,44.7239930633327],[-63.7191740220267,44.7240008130532],[-63.7191837768324,44.7240032722585],[-63.7191913738847,44.7240050255512],[-63.719201164623,44.7240104564818],[-63.7192171528385,44.7240167471442],[-63.719238959442,44.72402381265],[-63.7192617416159,44.7240281713072],[-63.7192918756021,44.7240347338651],[-63.7193110267857,44.7240414559866],[-63.7193225773236,44.7241481558373],[-63.7193516782472,44.7243055220249],[-63.7194647968027,44.7245379838502],[-63.7195264050615,44.7246997363051],[-63.7196700753199,44.7252166619025],[-63.7190759745067,44.7252179620053],[-63.7186936272673,44.7252085689697],[-63.7183067435357,44.7252508749553],[-63.7182200650939,44.7252669025238],[-63.7181195831395,44.7252797752519],[-63.7180202654017,44.7252948014091],[-63.7179196963107,44.725310735782],[-63.717820917562,44.7253285478603],[-63.7177222762556,44.7253471711393],[-63.7176380187735,44.7253650731986],[-63.717624161362,44.7253676810563],[-63.7175273265676,44.7253895319124],[-63.717430388467,44.7254131845167],[-63.7173297906299,44.725426867779],[-63.7172293347266,44.7254419002804],[-63.7171299190724,44.725459266826],[-63.7170306444538,44.7254778926159],[-63.7169318989428,44.7254984050395],[-63.716834305072,44.7255201709602],[-63.7167374864473,44.7255433722752],[-63.7166664952854,44.7255618218837],[-63.7166405690079,44.7255688246534],[-63.7165455622852,44.7255956154089],[-63.716450440578,44.7256233067079],[-63.7163572457572,44.7256536868948],[-63.7162742477132,44.7256814821989],[-63.7162640626145,44.7256849663441],[-63.7161727910867,44.7257176747921],[-63.7160826774873,44.7257521766704],[-63.7160281129186,44.7257716020779],[-63.7159950549161,44.7257839609124],[-63.7159600906886,44.7257953426027],[-63.7159057587836,44.7258130562432],[-63.7158163081409,44.7258399017741],[-63.7157238095144,44.7258653246629],[-63.7156151403145,44.7258901290894],[-63.7156000360413,44.7258941850818],[-63.7155850584306,44.725898149168],[-63.7155699541574,44.7259021145303],[-63.7155398731718,44.7259100446159],[-63.7155096619304,44.7259177953561],[-63.7154944291982,44.7259215813728],[-63.7154794506891,44.7259254548275],[-63.715464343721,44.7259292408437],[-63.715449111887,44.7259331168509],[-63.7154338782564,44.725936722884],[-63.7154187712883,44.7259405076229],[-63.7154036634219,44.7259442030086],[-63.7153884297913,44.7259478996705],[-63.7153730685999,44.7259515057027],[-63.7153579607335,44.7259552010877],[-63.7153427271029,44.7259588071194],[-63.7153269877208,44.7259625056951],[-63.715311499867,44.7259661136411],[-63.7152957604849,44.7259697235016],[-63.7152800211028,44.7259734220765],[-63.7152642808224,44.7259769406689],[-63.7152486654078,44.725980459261],[-63.7152329260257,44.7259840678441],[-63.7152171839487,44.7259875877123],[-63.7152015676358,44.7259909263214],[-63.7151857006929,44.7259944455509],[-63.7151699577175,44.725997874789],[-63.7151383460027,44.7260046439118],[-63.7151226030274,44.7260079825199],[-63.7150909886176,44.7260145716591],[-63.7150593724111,44.7260209808154],[-63.7150433752126,44.7260242313462],[-63.7150276313389,44.726027479962],[-63.7150117581078,44.7260305492337],[-63.7149957609092,44.7260337097729],[-63.7149800152389,44.7260368696736],[-63.7149640135488,44.7260398502301],[-63.7143210309094,44.7261639497465]]]},"properties":{"GLOBALID":"6e086c70-4b04-4800-8eef-f7541f7b5eeb","OBJECTID":53,"HEIGHT":14,"SDATE":"Tue, 19 Dec 2023 00:00:00 GMT","SOURCE":"Case 23307","SACC":"IN"}},{"type":"Feature","id":54,"geometry":{"type":"Polygon","coordinates":[[[-63.5779774455064,44.6338831735028],[-63.5780742264018,44.6332629563195],[-63.5780863779126,44.6332117549604],[-63.5781044304566,44.6330264995699],[-63.5781253674909,44.6328979678553],[-63.5781346075619,44.6327918420208],[-63.5780777037803,44.6324844811062],[-63.5778874163486,44.6317647402944],[-63.5775893292862,44.6307687260921],[-63.5774257667342,44.6301131003969],[-63.5801714422473,44.6298319664592],[-63.5813195125366,44.6307988204287],[-63.5822561059333,44.6304688558733],[-63.5832050044527,44.6326445908494],[-63.583249951658,44.6327520517348],[-63.5789128836696,44.6337908279043],[-63.5781082078724,44.6339832295843],[-63.5779564500815,44.6340153032876],[-63.5779774455064,44.6338831735028]],[[-63.5827381329316,44.6325175381894],[-63.5819946827109,44.6308231541576],[-63.5810977571205,44.6311147355436],[-63.5799659687957,44.630074211595],[-63.5779901324131,44.6302895633385],[-63.578604852257,44.6324653389171],[-63.5786550923359,44.6327159454979],[-63.57866434139,44.6329284216312],[-63.5786517434165,44.6330876204833],[-63.5786289792089,44.6332521375231],[-63.5785865616595,44.6333840948669],[-63.5785343722364,44.6334961730007],[-63.5827381329316,44.6325175381894]]]},"properties":{"GLOBALID":"a7d6cc03-218a-4f75-b646-d0cd71bdcb17","OBJECTID":54,"HEIGHT":38,"SDATE":"Tue, 09 Nov 2004 00:00:00 GMT","SOURCE":"ORIGINAL MAP","SACC":"IN"}},{"type":"Feature","id":55,"geometry":{"type":"Polygon","coordinates":[[[-63.5760884016516,44.6408176486038],[-63.5760284876154,44.6407010963195],[-63.5758588443673,44.6407471444325],[-63.5758141882162,44.6406589874123],[-63.5760656239692,44.6405929675131],[-63.576231949739,44.640911991942],[-63.575979915708,44.6409828391486],[-63.5759191653403,44.6408663964948],[-63.5760884016516,44.6408176486038]]]},"properties":{"GLOBALID":"d8a054aa-932d-4259-98bf-3443612f5f5c","OBJECTID":55,"HEIGHT":25,"SDATE":"Sat, 03 Nov 2018 00:00:00 GMT","SOURCE":"Case H00045","SACC":"IN"}},{"type":"Feature","id":56,"geometry":{"type":"Polygon","coordinates":[[[-63.591338239644,44.6570343634028],[-63.5910934478308,44.6572070127512],[-63.5905856930828,44.6568591741639],[-63.5907999304982,44.6567051825628],[-63.5908822826536,44.6567607377755],[-63.5909231173715,44.6567295635765],[-63.591338239644,44.6570343634028]]]},"properties":{"GLOBALID":"83ae8dd3-97d6-4785-bd12-fa219e5207d9","OBJECTID":56,"HEIGHT":45,"SDATE":"Tue, 09 Nov 2004 00:00:00 GMT","SOURCE":"ORIGINAL MAP","SACC":"IN"}},{"type":"Feature","id":57,"geometry":{"type":"Polygon","coordinates":[[[-63.7251435525668,44.7246417908734],[-63.7252793993974,44.7240639283673],[-63.7256112559279,44.7240952093145],[-63.7254936395078,44.7245957104659],[-63.7251435525668,44.7246417908734]]]},"properties":{"GLOBALID":"c97607cb-eec4-4f21-807c-a520cce322b2","OBJECTID":57,"HEIGHT":14,"SDATE":"Tue, 19 Dec 2023 00:00:00 GMT","SOURCE":"Case 23307","SACC":"IN"}},{"type":"Feature","id":58,"geometry":{"type":"Polygon","coordinates":[[[-63.585098636902,44.6515204937664],[-63.5849095415347,44.6516405755434],[-63.5847667489304,44.6515258081595],[-63.5847110731457,44.651480982171],[-63.5846398717779,44.6514238255345],[-63.5847490152883,44.6513419717956],[-63.5847711776247,44.6513256547148],[-63.5848384264052,44.6513787010271],[-63.5848826953824,44.6513508336179],[-63.5848920675058,44.6513449319141],[-63.5849349422976,44.6513832434512],[-63.5849286999047,44.6513880453325],[-63.585098636902,44.6515204937664]]]},"properties":{"GLOBALID":"fdabf547-6a33-4309-bddf-199ff6ef6338","OBJECTID":58,"HEIGHT":50,"SDATE":"Tue, 09 Nov 2004 00:00:00 GMT","SOURCE":"ORIGINAL MAP","SACC":"IN"}},{"type":"Feature","id":59,"geometry":{"type":"Polygon","coordinates":[[[-63.5850781229741,44.638090184652],[-63.5848465211242,44.6375879327242],[-63.5839495658894,44.6377958373044],[-63.5836029320724,44.6378758551812],[-63.5831887539292,44.6369617362706],[-63.5834627382943,44.6369013762711],[-63.5847495830236,44.6366178653542],[-63.5851717543762,44.6375059405673],[-63.5855117379651,44.6381701573786],[-63.5855985807986,44.63833915168],[-63.5852442142836,44.638429911215],[-63.5850781229741,44.638090184652]]]},"properties":{"GLOBALID":"fb699381-f01f-4be6-b70a-a4669ddf3959","OBJECTID":59,"HEIGHT":80,"SDATE":"Tue, 09 Nov 2004 00:00:00 GMT","SOURCE":"ORIGINAL MAP","SACC":"IN"}},{"type":"Feature","id":60,"geometry":{"type":"Polygon","coordinates":[[[-63.5874314287442,44.6438824081009],[-63.5883669989597,44.6436288853967],[-63.5892982869064,44.6455010570285],[-63.5884273711367,44.6457299053494],[-63.5874314287442,44.6438824081009]]]},"properties":{"GLOBALID":"cb294756-875e-42a9-9fd3-741b91f19694","OBJECTID":60,"HEIGHT":60,"SDATE":"Tue, 09 Nov 2004 00:00:00 GMT","SOURCE":"ORIGINAL MAP","SACC":"IN"}},{"type":"Feature","id":61,"geometry":{"type":"Polygon","coordinates":[[[-63.581177231972,44.6406459629192],[-63.582659241985,44.6402496569457],[-63.583212535928,44.641296293632],[-63.5817127743067,44.6417055093349],[-63.5816749462501,44.6416324361586],[-63.5812443801412,44.6407791996963],[-63.581177231972,44.6406459629192]]]},"properties":{"GLOBALID":"b28f6723-a423-47c4-8560-1c533c134796","OBJECTID":61,"HEIGHT":45,"SDATE":"Tue, 09 Nov 2004 00:00:00 GMT","SOURCE":"ORIGINAL MAP","SACC":"IN"}},{"type":"Feature","id":62,"geometry":{"type":"Polygon","coordinates":[[[-63.5912262637456,44.6475462975567],[-63.5908735555206,44.647636792162],[-63.5908181510271,44.647651990579],[-63.5905899475039,44.6472275933718],[-63.5909847956989,44.6471308374577],[-63.5912262637456,44.6475462975567]]]},"properties":{"GLOBALID":"5b5a741a-5c05-422e-bce2-6950516a0d4e","OBJECTID":62,"HEIGHT":145,"SDATE":"Tue, 09 Nov 2004 00:00:00 GMT","SOURCE":"ORIGINAL MAP","SACC":"IN"}}]}