{
  "type": "FeatureCollection",
  "crs": {
    "type": "name",
    "properties": {
      "name": "EPSG:4326"
    }
  },
  "features": [
    {
      "type": "Feature",
      "properties": {
        "SEGMENT_ID": "S7-QUINPOOL-01",
        "STREET": "Quinpool Road",
        "SCHEDULE": "Schedule 7",
        "EXTENT": "Armdale Rotary to Robie Street",
        "SOURCE": "RCLUB Schedule 7 (Map 19) extent, geometry derived from halifax_street_centerlines (HRM StreetNetwork) \u2014 ABS-435"
      },
      "geometry": {
        "type": "MultiLineString",
        "coordinates": [
          [
            [
              -63.601231,
              44.644263
            ],
            [
              -63.601286,
              44.644246
            ],
            [
              -63.601342,
              44.64423
            ],
            [
              -63.601397,
              44.644213
            ],
            [
              -63.601452,
              44.644197
            ],
            [
              -63.601508,
              44.64418
            ],
            [
              -63.601563,
              44.644163
            ],
            [
              -63.601619,
              44.644147
            ],
            [
              -63.601674,
              44.64413
            ],
            [
              -63.60173,
              44.644114
            ],
            [
              -63.601785,
              44.644097
            ],
            [
              -63.601841,
              44.64408
            ],
            [
              -63.601896,
              44.644064
            ],
            [
              -63.601951,
              44.644047
            ],
            [
              -63.602007,
              44.644031
            ],
            [
              -63.602062,
              44.644014
            ],
            [
              -63.602118,
              44.643997
            ],
            [
              -63.602173,
              44.643981
            ]
          ],
          [
            [
              -63.59787,
              44.645253
            ],
            [
              -63.597928,
              44.645236
            ],
            [
              -63.597986,
              44.645219
            ],
            [
              -63.598043,
              44.645202
            ],
            [
              -63.598101,
              44.645186
            ],
            [
              -63.598158,
              44.645169
            ],
            [
              -63.598216,
              44.645152
            ],
            [
              -63.598274,
              44.645135
            ],
            [
              -63.598331,
              44.645118
            ],
            [
              -63.598389,
              44.645101
            ],
            [
              -63.598446,
              44.645085
            ],
            [
              -63.598504,
              44.645068
            ],
            [
              -63.598562,
              44.645051
            ],
            [
              -63.598619,
              44.645034
            ],
            [
              -63.598677,
              44.645017
            ],
            [
              -63.598735,
              44.645
            ],
            [
              -63.598792,
              44.644984
            ],
            [
              -63.59885,
              44.644967
            ],
            [
              -63.598907,
              44.64495
            ],
            [
              -63.598965,
              44.644933
            ],
            [
              -63.599023,
              44.644916
            ],
            [
              -63.59908,
              44.644899
            ],
            [
              -63.599138,
              44.644883
            ],
            [
              -63.599195,
              44.644866
            ],
            [
              -63.599253,
              44.644849
            ],
            [
              -63.599311,
              44.644832
            ],
            [
              -63.599368,
              44.644815
            ],
            [
              -63.599426,
              44.644798
            ]
          ],
          [
            [
              -63.618537,
              44.641606
            ],
            [
              -63.618582,
              44.641614
            ],
            [
              -63.618627,
              44.641623
            ],
            [
              -63.618672,
              44.641631
            ],
            [
              -63.618725,
              44.64163
            ],
            [
              -63.618777,
              44.641627
            ],
            [
              -63.61883,
              44.641624
            ],
            [
              -63.618882,
              44.641621
            ],
            [
              -63.618934,
              44.641616
            ],
            [
              -63.618986,
              44.641611
            ],
            [
              -63.619038,
              44.641606
            ],
            [
              -63.619096,
              44.641599
            ],
            [
              -63.619154,
              44.641593
            ],
            [
              -63.619212,
              44.641586
            ],
            [
              -63.61927,
              44.64158
            ],
            [
              -63.619327,
              44.641573
            ],
            [
              -63.619385,
              44.641567
            ],
            [
              -63.619443,
              44.64156
            ]
          ],
          [
            [
              -63.591619,
              44.646957
            ],
            [
              -63.591608,
              44.646955
            ],
            [
              -63.591566,
              44.646948
            ],
            [
              -63.591524,
              44.646941
            ],
            [
              -63.591477,
              44.646952
            ],
            [
              -63.591429,
              44.646963
            ],
            [
              -63.591382,
              44.646974
            ],
            [
              -63.591335,
              44.646985
            ],
            [
              -63.591277,
              44.646999
            ],
            [
              -63.591218,
              44.647012
            ],
            [
              -63.59116,
              44.647025
            ],
            [
              -63.591102,
              44.647038
            ],
            [
              -63.591044,
              44.647051
            ],
            [
              -63.590986,
              44.647064
            ],
            [
              -63.590927,
              44.647077
            ],
            [
              -63.590869,
              44.64709
            ],
            [
              -63.590811,
              44.647103
            ],
            [
              -63.590753,
              44.647116
            ],
            [
              -63.590695,
              44.64713
            ],
            [
              -63.590636,
              44.647143
            ],
            [
              -63.590578,
              44.647156
            ],
            [
              -63.590533,
              44.647185
            ],
            [
              -63.590488,
              44.647214
            ],
            [
              -63.590442,
              44.647243
            ]
          ],
          [
            [
              -63.60928,
              44.641773
            ],
            [
              -63.609332,
              44.641757
            ],
            [
              -63.609384,
              44.64174
            ],
            [
              -63.609437,
              44.641724
            ],
            [
              -63.609489,
              44.641707
            ]
          ],
          [
            [
              -63.590894,
              44.647206
            ],
            [
              -63.59095,
              44.647191
            ],
            [
              -63.591005,
              44.647176
            ],
            [
              -63.59106,
              44.647161
            ],
            [
              -63.591116,
              44.647146
            ],
            [
              -63.591171,
              44.647131
            ],
            [
              -63.591227,
              44.647116
            ],
            [
              -63.591282,
              44.647101
            ],
            [
              -63.591337,
              44.647086
            ],
            [
              -63.591393,
              44.647071
            ],
            [
              -63.591434,
              44.64706
            ],
            [
              -63.591475,
              44.647049
            ],
            [
              -63.59149,
              44.647045
            ]
          ],
          [
            [
              -63.590442,
              44.647243
            ],
            [
              -63.590492,
              44.647248
            ],
            [
              -63.590542,
              44.647253
            ],
            [
              -63.590592,
              44.647258
            ],
            [
              -63.590642,
              44.647263
            ],
            [
              -63.590693,
              44.647251
            ],
            [
              -63.590743,
              44.64724
            ],
            [
              -63.590793,
              44.647229
            ],
            [
              -63.590844,
              44.647217
            ],
            [
              -63.590894,
              44.647206
            ]
          ],
          [
            [
              -63.619443,
              44.64156
            ],
            [
              -63.619492,
              44.641558
            ],
            [
              -63.619541,
              44.641556
            ],
            [
              -63.61959,
              44.641554
            ],
            [
              -63.619609,
              44.641554
            ],
            [
              -63.619627,
              44.641555
            ],
            [
              -63.619646,
              44.641557
            ],
            [
              -63.619664,
              44.641559
            ],
            [
              -63.619683,
              44.641563
            ],
            [
              -63.619701,
              44.641566
            ],
            [
              -63.619718,
              44.641571
            ],
            [
              -63.619736,
              44.641576
            ],
            [
              -63.619752,
              44.641582
            ],
            [
              -63.619769,
              44.641588
            ],
            [
              -63.619785,
              44.641595
            ],
            [
              -63.6198,
              44.641603
            ],
            [
              -63.619815,
              44.641611
            ],
            [
              -63.61983,
              44.641619
            ],
            [
              -63.619843,
              44.641628
            ],
            [
              -63.619856,
              44.641638
            ],
            [
              -63.619869,
              44.641648
            ],
            [
              -63.619899,
              44.641675
            ],
            [
              -63.619929,
              44.641701
            ]
          ],
          [
            [
              -63.618537,
              44.641606
            ],
            [
              -63.618564,
              44.641635
            ],
            [
              -63.618571,
              44.641642
            ],
            [
              -63.618579,
              44.64165
            ],
            [
              -63.618587,
              44.641656
            ],
            [
              -63.618597,
              44.641663
            ],
            [
              -63.618607,
              44.641669
            ],
            [
              -63.618617,
              44.641674
            ],
            [
              -63.618628,
              44.641679
            ],
            [
              -63.618639,
              44.641683
            ],
            [
              -63.618651,
              44.641687
            ],
            [
              -63.618663,
              44.64169
            ],
            [
              -63.618676,
              44.641693
            ],
            [
              -63.618689,
              44.641695
            ],
            [
              -63.618701,
              44.641696
            ],
            [
              -63.618764,
              44.641699
            ],
            [
              -63.618827,
              44.641703
            ],
            [
              -63.61889,
              44.641708
            ],
            [
              -63.618952,
              44.641713
            ],
            [
              -63.619014,
              44.641719
            ],
            [
              -63.619077,
              44.641726
            ],
            [
              -63.619139,
              44.641733
            ],
            [
              -63.619201,
              44.641741
            ],
            [
              -63.619263,
              44.641749
            ],
            [
              -63.619271,
              44.64175
            ],
            [
              -63.619279,
              44.641749
            ],
            [
              -63.619286,
              44.641749
            ],
            [
              -63.619294,
              44.641747
            ],
            [
              -63.619301,
              44.641745
            ],
            [
              -63.619308,
              44.641742
            ],
            [
              -63.619315,
              44.641739
            ],
            [
              -63.619321,
              44.641735
            ],
            [
              -63.619326,
              44.641731
            ],
            [
              -63.61933,
              44.641726
            ],
            [
              -63.619334,
              44.641721
            ],
            [
              -63.619337,
              44.641716
            ],
            [
              -63.619339,
              44.641711
            ],
            [
              -63.619347,
              44.641683
            ],
            [
              -63.619356,
              44.641656
            ],
            [
              -63.619359,
              44.641646
            ],
            [
              -63.619364,
              44.641637
            ],
            [
              -63.619369,
              44.641627
            ],
            [
              -63.619375,
              44.641618
            ],
            [
              -63.619382,
              44.64161
            ],
            [
              -63.619389,
              44.641601
            ],
            [
              -63.619397,
              44.641593
            ],
            [
              -63.619406,
              44.641585
            ],
            [
              -63.619416,
              44.641578
            ],
            [
              -63.619443,
              44.64156
            ]
          ],
          [
            [
              -63.620102,
              44.641391
            ],
            [
              -63.620069,
              44.641397
            ],
            [
              -63.620035,
              44.641403
            ],
            [
              -63.620002,
              44.641408
            ],
            [
              -63.619968,
              44.641413
            ],
            [
              -63.619935,
              44.641418
            ],
            [
              -63.619901,
              44.641423
            ],
            [
              -63.619867,
              44.641428
            ],
            [
              -63.619833,
              44.641433
            ],
            [
              -63.6198,
              44.641437
            ],
            [
              -63.619766,
              44.641442
            ],
            [
              -63.619732,
              44.641446
            ],
            [
              -63.619698,
              44.64145
            ],
            [
              -63.619664,
              44.641454
            ],
            [
              -63.61963,
              44.641458
            ],
            [
              -63.619573,
              44.641459
            ],
            [
              -63.619515,
              44.641459
            ],
            [
              -63.619458,
              44.64146
            ],
            [
              -63.6194,
              44.641461
            ],
            [
              -63.619342,
              44.641462
            ]
          ],
          [
            [
              -63.619342,
              44.641462
            ],
            [
              -63.619286,
              44.64147
            ],
            [
              -63.619229,
              44.641479
            ],
            [
              -63.619172,
              44.641487
            ],
            [
              -63.619115,
              44.641496
            ],
            [
              -63.619058,
              44.641504
            ],
            [
              -63.619001,
              44.641512
            ],
            [
              -63.618944,
              44.641521
            ],
            [
              -63.618887,
              44.641529
            ],
            [
              -63.618831,
              44.641538
            ],
            [
              -63.618774,
              44.641546
            ],
            [
              -63.618717,
              44.641554
            ],
            [
              -63.61866,
              44.641563
            ],
            [
              -63.618619,
              44.641577
            ],
            [
              -63.618578,
              44.641591
            ],
            [
              -63.618537,
              44.641606
            ]
          ],
          [
            [
              -63.59149,
              44.647045
            ],
            [
              -63.591531,
              44.647034
            ],
            [
              -63.591535,
              44.647033
            ],
            [
              -63.591577,
              44.647022
            ],
            [
              -63.591598,
              44.646989
            ],
            [
              -63.591619,
              44.646957
            ]
          ],
          [
            [
              -63.596758,
              44.645575
            ],
            [
              -63.596813,
              44.645559
            ],
            [
              -63.596869,
              44.645542
            ],
            [
              -63.596925,
              44.645526
            ],
            [
              -63.59698,
              44.64551
            ],
            [
              -63.597036,
              44.645494
            ],
            [
              -63.597092,
              44.645478
            ],
            [
              -63.597147,
              44.645462
            ],
            [
              -63.597203,
              44.645446
            ],
            [
              -63.597258,
              44.64543
            ],
            [
              -63.597314,
              44.645414
            ],
            [
              -63.59737,
              44.645398
            ],
            [
              -63.597425,
              44.645382
            ],
            [
              -63.597481,
              44.645365
            ],
            [
              -63.597537,
              44.645349
            ],
            [
              -63.597592,
              44.645333
            ],
            [
              -63.597648,
              44.645317
            ],
            [
              -63.597703,
              44.645301
            ],
            [
              -63.597759,
              44.645285
            ],
            [
              -63.597815,
              44.645269
            ],
            [
              -63.59787,
              44.645253
            ]
          ],
          [
            [
              -63.603111,
              44.6437
            ],
            [
              -63.603163,
              44.643684
            ],
            [
              -63.603215,
              44.643669
            ],
            [
              -63.603267,
              44.643653
            ],
            [
              -63.603319,
              44.643637
            ],
            [
              -63.603371,
              44.643622
            ]
          ],
          [
            [
              -63.600288,
              44.644543
            ],
            [
              -63.600344,
              44.644526
            ],
            [
              -63.600399,
              44.64451
            ],
            [
              -63.600454,
              44.644493
            ],
            [
              -63.60051,
              44.644477
            ],
            [
              -63.600565,
              44.64446
            ],
            [
              -63.600621,
              44.644444
            ],
            [
              -63.600676,
              44.644428
            ],
            [
              -63.600732,
              44.644411
            ],
            [
              -63.600787,
              44.644395
            ],
            [
              -63.600843,
              44.644378
            ],
            [
              -63.600898,
              44.644362
            ],
            [
              -63.600953,
              44.644345
            ],
            [
              -63.601009,
              44.644329
            ],
            [
              -63.601064,
              44.644312
            ],
            [
              -63.60112,
              44.644296
            ],
            [
              -63.601175,
              44.644279
            ],
            [
              -63.601231,
              44.644263
            ]
          ],
          [
            [
              -63.599426,
              44.644798
            ],
            [
              -63.599483,
              44.644781
            ],
            [
              -63.599541,
              44.644764
            ],
            [
              -63.599598,
              44.644747
            ],
            [
              -63.599656,
              44.64473
            ],
            [
              -63.599713,
              44.644713
            ],
            [
              -63.599771,
              44.644696
            ],
            [
              -63.599828,
              44.644679
            ],
            [
              -63.599886,
              44.644662
            ],
            [
              -63.599943,
              44.644645
            ],
            [
              -63.600001,
              44.644628
            ],
            [
              -63.600058,
              44.644611
            ],
            [
              -63.600116,
              44.644594
            ],
            [
              -63.600173,
              44.644577
            ],
            [
              -63.600231,
              44.64456
            ],
            [
              -63.600288,
              44.644543
            ]
          ],
          [
            [
              -63.603371,
              44.643622
            ],
            [
              -63.603428,
              44.643605
            ],
            [
              -63.603484,
              44.643588
            ],
            [
              -63.603541,
              44.643571
            ],
            [
              -63.603598,
              44.643554
            ],
            [
              -63.603654,
              44.643537
            ],
            [
              -63.603711,
              44.64352
            ],
            [
              -63.603767,
              44.643503
            ],
            [
              -63.603824,
              44.643486
            ],
            [
              -63.603881,
              44.643469
            ],
            [
              -63.603937,
              44.643452
            ],
            [
              -63.603994,
              44.643435
            ],
            [
              -63.60405,
              44.643418
            ]
          ],
          [
            [
              -63.591619,
              44.646957
            ],
            [
              -63.591676,
              44.646942
            ],
            [
              -63.591732,
              44.646927
            ],
            [
              -63.591789,
              44.646912
            ],
            [
              -63.591846,
              44.646897
            ],
            [
              -63.591902,
              44.646882
            ],
            [
              -63.591959,
              44.646867
            ],
            [
              -63.592015,
              44.646852
            ],
            [
              -63.592072,
              44.646837
            ],
            [
              -63.592129,
              44.646822
            ],
            [
              -63.592185,
              44.646807
            ],
            [
              -63.592242,
              44.646792
            ],
            [
              -63.592299,
              44.646777
            ],
            [
              -63.592355,
              44.646762
            ],
            [
              -63.592383,
              44.646754
            ],
            [
              -63.59244,
              44.646739
            ],
            [
              -63.592497,
              44.646724
            ],
            [
              -63.592554,
              44.646709
            ],
            [
              -63.592611,
              44.646694
            ],
            [
              -63.592668,
              44.646679
            ],
            [
              -63.592725,
              44.646664
            ],
            [
              -63.592782,
              44.646649
            ],
            [
              -63.592839,
              44.646633
            ],
            [
              -63.592896,
              44.646618
            ],
            [
              -63.592953,
              44.646603
            ],
            [
              -63.59301,
              44.646588
            ],
            [
              -63.593067,
              44.646573
            ],
            [
              -63.593124,
              44.646558
            ],
            [
              -63.593181,
              44.646543
            ],
            [
              -63.593238,
              44.646528
            ],
            [
              -63.593295,
              44.646513
            ],
            [
              -63.593352,
              44.646498
            ]
          ],
          [
            [
              -63.608387,
              44.642054
            ],
            [
              -63.608443,
              44.642036
            ],
            [
              -63.608499,
              44.642019
            ],
            [
              -63.608554,
              44.642001
            ],
            [
              -63.60861,
              44.641983
            ],
            [
              -63.608666,
              44.641966
            ],
            [
              -63.608722,
              44.641948
            ],
            [
              -63.608778,
              44.641931
            ],
            [
              -63.608833,
              44.641913
            ],
            [
              -63.608889,
              44.641896
            ],
            [
              -63.608945,
              44.641878
            ],
            [
              -63.609001,
              44.641861
            ],
            [
              -63.609057,
              44.641843
            ],
            [
              -63.609112,
              44.641826
            ],
            [
              -63.609168,
              44.641808
            ],
            [
              -63.609224,
              44.641791
            ],
            [
              -63.60928,
              44.641773
            ]
          ],
          [
            [
              -63.609489,
              44.641707
            ],
            [
              -63.609544,
              44.641688
            ],
            [
              -63.609599,
              44.641669
            ],
            [
              -63.609653,
              44.64165
            ],
            [
              -63.609708,
              44.64163
            ],
            [
              -63.609763,
              44.641611
            ],
            [
              -63.609818,
              44.641592
            ],
            [
              -63.609873,
              44.641573
            ],
            [
              -63.609928,
              44.641553
            ],
            [
              -63.609983,
              44.641534
            ],
            [
              -63.610037,
              44.641515
            ],
            [
              -63.610092,
              44.641496
            ],
            [
              -63.610147,
              44.641476
            ],
            [
              -63.610202,
              44.641457
            ],
            [
              -63.610257,
              44.641438
            ],
            [
              -63.610312,
              44.641419
            ],
            [
              -63.610367,
              44.641399
            ],
            [
              -63.610421,
              44.64138
            ],
            [
              -63.610476,
              44.641361
            ],
            [
              -63.610531,
              44.641342
            ],
            [
              -63.610586,
              44.641322
            ],
            [
              -63.610641,
              44.641303
            ],
            [
              -63.610696,
              44.641284
            ],
            [
              -63.610751,
              44.641265
            ],
            [
              -63.610781,
              44.641254
            ],
            [
              -63.610811,
              44.641242
            ],
            [
              -63.61084,
              44.64123
            ],
            [
              -63.610869,
              44.641218
            ],
            [
              -63.610898,
              44.641205
            ],
            [
              -63.610926,
              44.641191
            ],
            [
              -63.610954,
              44.641177
            ],
            [
              -63.610981,
              44.641162
            ],
            [
              -63.611007,
              44.641147
            ]
          ],
          [
            [
              -63.604691,
              44.643226
            ],
            [
              -63.604749,
              44.643208
            ],
            [
              -63.604806,
              44.643191
            ],
            [
              -63.604864,
              44.643173
            ],
            [
              -63.604921,
              44.643155
            ],
            [
              -63.604979,
              44.643138
            ],
            [
              -63.605036,
              44.64312
            ],
            [
              -63.605094,
              44.643102
            ],
            [
              -63.605151,
              44.643085
            ],
            [
              -63.605209,
              44.643067
            ],
            [
              -63.605266,
              44.643049
            ],
            [
              -63.605324,
              44.643032
            ],
            [
              -63.605381,
              44.643014
            ],
            [
              -63.605439,
              44.642996
            ],
            [
              -63.605496,
              44.642979
            ],
            [
              -63.605554,
              44.642961
            ],
            [
              -63.605611,
              44.642943
            ],
            [
              -63.605669,
              44.642926
            ],
            [
              -63.605726,
              44.642908
            ],
            [
              -63.605784,
              44.642891
            ],
            [
              -63.605841,
              44.642873
            ],
            [
              -63.605899,
              44.642855
            ],
            [
              -63.605956,
              44.642838
            ],
            [
              -63.606014,
              44.64282
            ]
          ],
          [
            [
              -63.60799,
              44.642182
            ],
            [
              -63.608046,
              44.642164
            ],
            [
              -63.608103,
              44.642145
            ],
            [
              -63.60816,
              44.642127
            ],
            [
              -63.608217,
              44.642109
            ],
            [
              -63.608273,
              44.64209
            ],
            [
              -63.60833,
              44.642072
            ],
            [
              -63.608387,
              44.642054
            ]
          ],
          [
            [
              -63.593352,
              44.646498
            ],
            [
              -63.593411,
              44.646482
            ],
            [
              -63.59347,
              44.646466
            ],
            [
              -63.593528,
              44.64645
            ],
            [
              -63.593587,
              44.646434
            ],
            [
              -63.593646,
              44.646418
            ],
            [
              -63.593705,
              44.646402
            ],
            [
              -63.593763,
              44.646386
            ],
            [
              -63.593822,
              44.64637
            ],
            [
              -63.593881,
              44.646354
            ],
            [
              -63.593939,
              44.646338
            ],
            [
              -63.593998,
              44.646323
            ],
            [
              -63.594057,
              44.646307
            ],
            [
              -63.594116,
              44.646291
            ],
            [
              -63.594174,
              44.646275
            ],
            [
              -63.594233,
              44.646259
            ],
            [
              -63.594292,
              44.646243
            ],
            [
              -63.59435,
              44.646227
            ],
            [
              -63.594409,
              44.646211
            ],
            [
              -63.594468,
              44.646195
            ],
            [
              -63.594527,
              44.646179
            ],
            [
              -63.594585,
              44.646163
            ],
            [
              -63.594644,
              44.646147
            ],
            [
              -63.594703,
              44.646132
            ],
            [
              -63.594761,
              44.646116
            ],
            [
              -63.59482,
              44.6461
            ],
            [
              -63.594879,
              44.646084
            ],
            [
              -63.594938,
              44.646068
            ],
            [
              -63.594996,
              44.646052
            ],
            [
              -63.595055,
              44.646036
            ],
            [
              -63.595114,
              44.64602
            ],
            [
              -63.595172,
              44.646004
            ],
            [
              -63.595231,
              44.645988
            ],
            [
              -63.59529,
              44.645972
            ],
            [
              -63.595349,
              44.645957
            ],
            [
              -63.595407,
              44.645941
            ],
            [
              -63.595466,
              44.645925
            ],
            [
              -63.595525,
              44.645909
            ],
            [
              -63.595583,
              44.645893
            ],
            [
              -63.595642,
              44.645877
            ],
            [
              -63.595701,
              44.645861
            ],
            [
              -63.59576,
              44.645845
            ],
            [
              -63.595818,
              44.645829
            ],
            [
              -63.595877,
              44.645813
            ],
            [
              -63.595936,
              44.645797
            ],
            [
              -63.595994,
              44.645782
            ],
            [
              -63.596053,
              44.645766
            ],
            [
              -63.596112,
              44.64575
            ],
            [
              -63.596171,
              44.645734
            ],
            [
              -63.596229,
              44.645718
            ],
            [
              -63.596288,
              44.645702
            ],
            [
              -63.596347,
              44.645686
            ],
            [
              -63.596405,
              44.64567
            ],
            [
              -63.596464,
              44.645654
            ],
            [
              -63.596523,
              44.645638
            ],
            [
              -63.596582,
              44.645622
            ],
            [
              -63.59664,
              44.645606
            ],
            [
              -63.596699,
              44.645591
            ],
            [
              -63.596758,
              44.645575
            ]
          ],
          [
            [
              -63.611744,
              44.640565
            ],
            [
              -63.611774,
              44.640551
            ],
            [
              -63.611804,
              44.640538
            ],
            [
              -63.611835,
              44.640526
            ],
            [
              -63.611867,
              44.640514
            ],
            [
              -63.611898,
              44.640502
            ],
            [
              -63.611931,
              44.640492
            ],
            [
              -63.611963,
              44.640481
            ],
            [
              -63.611996,
              44.640472
            ],
            [
              -63.612029,
              44.640463
            ],
            [
              -63.612063,
              44.640455
            ],
            [
              -63.612097,
              44.640447
            ],
            [
              -63.612131,
              44.64044
            ],
            [
              -63.612165,
              44.640433
            ],
            [
              -63.6122,
              44.640428
            ],
            [
              -63.612235,
              44.640423
            ],
            [
              -63.61227,
              44.640418
            ],
            [
              -63.612305,
              44.640414
            ],
            [
              -63.61234,
              44.640411
            ],
            [
              -63.612376,
              44.640409
            ],
            [
              -63.612411,
              44.640407
            ],
            [
              -63.612447,
              44.640406
            ],
            [
              -63.612482,
              44.640405
            ],
            [
              -63.612543,
              44.640404
            ],
            [
              -63.612603,
              44.640403
            ],
            [
              -63.612664,
              44.640402
            ],
            [
              -63.612724,
              44.640401
            ],
            [
              -63.612784,
              44.6404
            ],
            [
              -63.612845,
              44.640399
            ],
            [
              -63.612905,
              44.640399
            ],
            [
              -63.612965,
              44.640398
            ],
            [
              -63.613026,
              44.640397
            ],
            [
              -63.613086,
              44.640396
            ],
            [
              -63.613147,
              44.640395
            ],
            [
              -63.613207,
              44.640394
            ],
            [
              -63.613237,
              44.640394
            ],
            [
              -63.613267,
              44.640395
            ],
            [
              -63.613297,
              44.640397
            ],
            [
              -63.613327,
              44.6404
            ],
            [
              -63.613357,
              44.640403
            ],
            [
              -63.613387,
              44.640406
            ],
            [
              -63.613416,
              44.640411
            ],
            [
              -63.613446,
              44.640416
            ],
            [
              -63.613475,
              44.640421
            ],
            [
              -63.613503,
              44.640427
            ],
            [
              -63.613532,
              44.640434
            ],
            [
              -63.61356,
              44.640442
            ],
            [
              -63.613588,
              44.64045
            ],
            [
              -63.613616,
              44.640458
            ],
            [
              -63.613643,
              44.640468
            ],
            [
              -63.61367,
              44.640477
            ],
            [
              -63.613725,
              44.640497
            ],
            [
              -63.61378,
              44.640516
            ],
            [
              -63.613836,
              44.640535
            ],
            [
              -63.613891,
              44.640555
            ],
            [
              -63.613946,
              44.640574
            ],
            [
              -63.614001,
              44.640593
            ],
            [
              -63.614057,
              44.640612
            ],
            [
              -63.614112,
              44.640632
            ],
            [
              -63.614167,
              44.640651
            ],
            [
              -63.614222,
              44.64067
            ],
            [
              -63.614278,
              44.64069
            ],
            [
              -63.614333,
              44.640709
            ],
            [
              -63.614388,
              44.640728
            ],
            [
              -63.614444,
              44.640747
            ],
            [
              -63.614499,
              44.640767
            ],
            [
              -63.614554,
              44.640786
            ],
            [
              -63.614609,
              44.640805
            ],
            [
              -63.614665,
              44.640825
            ],
            [
              -63.61472,
              44.640844
            ],
            [
              -63.614775,
              44.640863
            ],
            [
              -63.61483,
              44.640883
            ],
            [
              -63.614886,
              44.640902
            ],
            [
              -63.614941,
              44.640921
            ],
            [
              -63.614996,
              44.64094
            ],
            [
              -63.615051,
              44.64096
            ],
            [
              -63.615107,
              44.640979
            ],
            [
              -63.615162,
              44.640998
            ],
            [
              -63.615217,
              44.641018
            ],
            [
              -63.615272,
              44.641037
            ],
            [
              -63.615297,
              44.641046
            ],
            [
              -63.615322,
              44.641055
            ],
            [
              -63.615347,
              44.641063
            ],
            [
              -63.615373,
              44.641071
            ],
            [
              -63.615399,
              44.641078
            ],
            [
              -63.615425,
              44.641084
            ],
            [
              -63.615452,
              44.64109
            ],
            [
              -63.615478,
              44.641096
            ],
            [
              -63.615506,
              44.6411
            ],
            [
              -63.615565,
              44.641111
            ],
            [
              -63.615624,
              44.641121
            ],
            [
              -63.615684,
              44.641132
            ],
            [
              -63.615743,
              44.641142
            ],
            [
              -63.615802,
              44.641152
            ],
            [
              -63.615861,
              44.641163
            ],
            [
              -63.615921,
              44.641173
            ],
            [
              -63.61598,
              44.641184
            ],
            [
              -63.616039,
              44.641194
            ],
            [
              -63.616099,
              44.641205
            ],
            [
              -63.616158,
              44.641215
            ],
            [
              -63.616217,
              44.641225
            ],
            [
              -63.616277,
              44.641236
            ],
            [
              -63.616336,
              44.641246
            ],
            [
              -63.616395,
              44.641257
            ],
            [
              -63.616455,
              44.641267
            ],
            [
              -63.616514,
              44.641278
            ],
            [
              -63.616573,
              44.641288
            ],
            [
              -63.616633,
              44.641299
            ],
            [
              -63.616692,
              44.641309
            ],
            [
              -63.616753,
              44.64132
            ],
            [
              -63.616813,
              44.64133
            ],
            [
              -63.616873,
              44.641341
            ],
            [
              -63.616934,
              44.641351
            ],
            [
              -63.616994,
              44.641362
            ],
            [
              -63.617055,
              44.641373
            ],
            [
              -63.617115,
              44.641383
            ],
            [
              -63.617175,
              44.641394
            ],
            [
              -63.617236,
              44.641404
            ],
            [
              -63.617296,
              44.641415
            ],
            [
              -63.617357,
              44.641426
            ],
            [
              -63.617417,
              44.641436
            ],
            [
              -63.617477,
              44.641447
            ],
            [
              -63.617538,
              44.641457
            ],
            [
              -63.617598,
              44.641468
            ],
            [
              -63.617659,
              44.641479
            ],
            [
              -63.617719,
              44.641489
            ],
            [
              -63.61778,
              44.6415
            ],
            [
              -63.61784,
              44.64151
            ],
            [
              -63.6179,
              44.641521
            ],
            [
              -63.617961,
              44.641532
            ],
            [
              -63.618021,
              44.641542
            ],
            [
              -63.618082,
              44.641553
            ],
            [
              -63.618142,
              44.641563
            ],
            [
              -63.618181,
              44.64157
            ],
            [
              -63.61822,
              44.641577
            ],
            [
              -63.618259,
              44.641582
            ],
            [
              -63.618298,
              44.641587
            ],
            [
              -63.618338,
              44.641592
            ],
            [
              -63.618378,
              44.641596
            ],
            [
              -63.618417,
              44.641599
            ],
            [
              -63.618457,
              44.641602
            ],
            [
              -63.618497,
              44.641604
            ],
            [
              -63.618537,
              44.641606
            ]
          ],
          [
            [
              -63.606014,
              44.64282
            ],
            [
              -63.606062,
              44.642804
            ],
            [
              -63.606111,
              44.642789
            ],
            [
              -63.606159,
              44.642773
            ],
            [
              -63.606208,
              44.642757
            ],
            [
              -63.606257,
              44.642742
            ]
          ],
          [
            [
              -63.602173,
              44.643981
            ],
            [
              -63.602228,
              44.643964
            ],
            [
              -63.602284,
              44.643948
            ],
            [
              -63.602339,
              44.643931
            ],
            [
              -63.602394,
              44.643915
            ],
            [
              -63.602449,
              44.643898
            ],
            [
              -63.602504,
              44.643882
            ],
            [
              -63.602559,
              44.643865
            ],
            [
              -63.602615,
              44.643849
            ],
            [
              -63.60267,
              44.643832
            ],
            [
              -63.602725,
              44.643815
            ],
            [
              -63.60278,
              44.643799
            ],
            [
              -63.602835,
              44.643782
            ],
            [
              -63.602891,
              44.643766
            ],
            [
              -63.602946,
              44.643749
            ],
            [
              -63.603001,
              44.643733
            ],
            [
              -63.603056,
              44.643716
            ],
            [
              -63.603111,
              44.6437
            ]
          ],
          [
            [
              -63.611007,
              44.641147
            ],
            [
              -63.611031,
              44.641131
            ],
            [
              -63.611054,
              44.641115
            ],
            [
              -63.611076,
              44.641098
            ],
            [
              -63.611097,
              44.64108
            ],
            [
              -63.611137,
              44.641047
            ],
            [
              -63.611176,
              44.641015
            ],
            [
              -63.611215,
              44.640982
            ],
            [
              -63.611254,
              44.640949
            ],
            [
              -63.611294,
              44.640916
            ],
            [
              -63.611333,
              44.640884
            ],
            [
              -63.611372,
              44.640851
            ],
            [
              -63.611412,
              44.640818
            ],
            [
              -63.611451,
              44.640785
            ],
            [
              -63.61149,
              44.640752
            ],
            [
              -63.61153,
              44.64072
            ],
            [
              -63.611569,
              44.640687
            ],
            [
              -63.611608,
              44.640654
            ],
            [
              -63.611634,
              44.640635
            ],
            [
              -63.611661,
              44.640617
            ],
            [
              -63.611688,
              44.640599
            ],
            [
              -63.611715,
              44.640582
            ],
            [
              -63.611744,
              44.640565
            ]
          ],
          [
            [
              -63.606257,
              44.642742
            ],
            [
              -63.606314,
              44.642724
            ],
            [
              -63.60637,
              44.642706
            ],
            [
              -63.606427,
              44.642687
            ],
            [
              -63.606484,
              44.642669
            ],
            [
              -63.606541,
              44.642651
            ],
            [
              -63.606598,
              44.642633
            ],
            [
              -63.606655,
              44.642615
            ],
            [
              -63.606712,
              44.642597
            ],
            [
              -63.606768,
              44.642579
            ],
            [
              -63.606825,
              44.642561
            ],
            [
              -63.606882,
              44.642543
            ],
            [
              -63.606939,
              44.642525
            ],
            [
              -63.606996,
              44.642507
            ],
            [
              -63.607053,
              44.642489
            ]
          ],
          [
            [
              -63.60405,
              44.643418
            ],
            [
              -63.604104,
              44.643402
            ],
            [
              -63.604157,
              44.643386
            ],
            [
              -63.604211,
              44.64337
            ],
            [
              -63.604264,
              44.643354
            ],
            [
              -63.604317,
              44.643338
            ],
            [
              -63.604371,
              44.643322
            ],
            [
              -63.604424,
              44.643306
            ],
            [
              -63.604478,
              44.64329
            ],
            [
              -63.604531,
              44.643274
            ],
            [
              -63.604584,
              44.643258
            ],
            [
              -63.604638,
              44.643242
            ],
            [
              -63.604691,
              44.643226
            ]
          ],
          [
            [
              -63.607053,
              44.642489
            ],
            [
              -63.607109,
              44.642471
            ],
            [
              -63.607165,
              44.642452
            ],
            [
              -63.607221,
              44.642434
            ],
            [
              -63.607277,
              44.642416
            ],
            [
              -63.607333,
              44.642397
            ],
            [
              -63.607389,
              44.642379
            ],
            [
              -63.607445,
              44.642361
            ],
            [
              -63.607501,
              44.642342
            ],
            [
              -63.607514,
              44.642338
            ],
            [
              -63.607567,
              44.642321
            ],
            [
              -63.60762,
              44.642303
            ],
            [
              -63.607672,
              44.642286
            ],
            [
              -63.607725,
              44.642269
            ],
            [
              -63.607778,
              44.642251
            ],
            [
              -63.607831,
              44.642234
            ],
            [
              -63.607884,
              44.642217
            ],
            [
              -63.607937,
              44.642199
            ],
            [
              -63.60799,
              44.642182
            ]
          ]
        ]
      }
    },
    {
      "type": "Feature",
      "properties": {
        "SEGMENT_ID": "S7-SPRINGGARDEN-01",
        "STREET": "Spring Garden Road",
        "SCHEDULE": "Schedule 7",
        "EXTENT": "Robie Street to Barrington Street",
        "SOURCE": "RCLUB Schedule 7 (Map 19) extent, geometry derived from halifax_street_centerlines (HRM StreetNetwork) \u2014 ABS-435"
      },
      "geometry": {
        "type": "MultiLineString",
        "coordinates": [
          [
            [
              -63.574888,
              44.643604
            ],
            [
              -63.574943,
              44.64359
            ],
            [
              -63.574998,
              44.643575
            ],
            [
              -63.575053,
              44.64356
            ],
            [
              -63.575108,
              44.643545
            ],
            [
              -63.575163,
              44.64353
            ],
            [
              -63.575218,
              44.643515
            ],
            [
              -63.575272,
              44.6435
            ],
            [
              -63.575327,
              44.643485
            ],
            [
              -63.575382,
              44.64347
            ],
            [
              -63.57544,
              44.643455
            ],
            [
              -63.575499,
              44.643439
            ],
            [
              -63.575557,
              44.643423
            ],
            [
              -63.575615,
              44.643408
            ],
            [
              -63.575673,
              44.643392
            ],
            [
              -63.575731,
              44.643376
            ],
            [
              -63.575789,
              44.64336
            ],
            [
              -63.575847,
              44.643345
            ],
            [
              -63.575905,
              44.643329
            ],
            [
              -63.575963,
              44.643313
            ]
          ],
          [
            [
              -63.578724,
              44.642575
            ],
            [
              -63.578783,
              44.642559
            ],
            [
              -63.578841,
              44.642543
            ],
            [
              -63.5789,
              44.642527
            ],
            [
              -63.578958,
              44.642511
            ],
            [
              -63.579017,
              44.642496
            ],
            [
              -63.579075,
              44.64248
            ],
            [
              -63.579134,
              44.642464
            ],
            [
              -63.579193,
              44.642448
            ],
            [
              -63.579251,
              44.642432
            ],
            [
              -63.57931,
              44.642416
            ],
            [
              -63.579368,
              44.6424
            ],
            [
              -63.579427,
              44.642385
            ],
            [
              -63.579485,
              44.642369
            ],
            [
              -63.579544,
              44.642353
            ],
            [
              -63.579602,
              44.642337
            ],
            [
              -63.579656,
              44.642321
            ],
            [
              -63.579709,
              44.642305
            ],
            [
              -63.579762,
              44.642289
            ]
          ],
          [
            [
              -63.579762,
              44.642289
            ],
            [
              -63.57982,
              44.642273
            ],
            [
              -63.579878,
              44.642257
            ],
            [
              -63.579936,
              44.642241
            ],
            [
              -63.579993,
              44.642225
            ],
            [
              -63.580051,
              44.642209
            ],
            [
              -63.580109,
              44.642193
            ],
            [
              -63.580166,
              44.642177
            ],
            [
              -63.580224,
              44.642161
            ],
            [
              -63.580282,
              44.642145
            ],
            [
              -63.580339,
              44.642129
            ]
          ],
          [
            [
              -63.57786,
              44.642808
            ],
            [
              -63.577918,
              44.642792
            ],
            [
              -63.577975,
              44.642777
            ],
            [
              -63.578033,
              44.642761
            ],
            [
              -63.57809,
              44.642746
            ],
            [
              -63.578148,
              44.64273
            ],
            [
              -63.578206,
              44.642715
            ],
            [
              -63.578263,
              44.642699
            ],
            [
              -63.578321,
              44.642684
            ],
            [
              -63.578379,
              44.642668
            ],
            [
              -63.578436,
              44.642652
            ],
            [
              -63.578494,
              44.642637
            ],
            [
              -63.578551,
              44.642621
            ],
            [
              -63.578609,
              44.642606
            ],
            [
              -63.578667,
              44.64259
            ],
            [
              -63.578724,
              44.642575
            ]
          ],
          [
            [
              -63.576914,
              44.643065
            ],
            [
              -63.57697,
              44.64305
            ],
            [
              -63.577026,
              44.643035
            ],
            [
              -63.577081,
              44.64302
            ],
            [
              -63.577137,
              44.643005
            ],
            [
              -63.577193,
              44.64299
            ],
            [
              -63.577248,
              44.642975
            ],
            [
              -63.577304,
              44.642959
            ],
            [
              -63.577359,
              44.642944
            ],
            [
              -63.577415,
              44.642929
            ],
            [
              -63.577471,
              44.642914
            ],
            [
              -63.577526,
              44.642899
            ],
            [
              -63.577582,
              44.642884
            ],
            [
              -63.577637,
              44.642868
            ],
            [
              -63.577693,
              44.642853
            ],
            [
              -63.577749,
              44.642838
            ],
            [
              -63.577804,
              44.642823
            ],
            [
              -63.57786,
              44.642808
            ]
          ],
          [
            [
              -63.580339,
              44.642129
            ],
            [
              -63.580392,
              44.642115
            ],
            [
              -63.580444,
              44.642101
            ],
            [
              -63.580496,
              44.642087
            ],
            [
              -63.580549,
              44.642074
            ],
            [
              -63.580601,
              44.64206
            ],
            [
              -63.580653,
              44.642046
            ],
            [
              -63.580705,
              44.642032
            ],
            [
              -63.580758,
              44.642018
            ],
            [
              -63.580772,
              44.642014
            ],
            [
              -63.580827,
              44.642
            ],
            [
              -63.580882,
              44.641985
            ],
            [
              -63.580938,
              44.64197
            ],
            [
              -63.580993,
              44.641955
            ],
            [
              -63.581048,
              44.641941
            ],
            [
              -63.581104,
              44.641926
            ],
            [
              -63.581159,
              44.641911
            ],
            [
              -63.581214,
              44.641897
            ],
            [
              -63.581269,
              44.641882
            ],
            [
              -63.581325,
              44.641867
            ],
            [
              -63.58138,
              44.641853
            ],
            [
              -63.581435,
              44.641838
            ],
            [
              -63.581491,
              44.641823
            ],
            [
              -63.581507,
              44.641819
            ],
            [
              -63.581566,
              44.641803
            ],
            [
              -63.581625,
              44.641787
            ],
            [
              -63.581684,
              44.641772
            ],
            [
              -63.581743,
              44.641756
            ],
            [
              -63.581802,
              44.64174
            ],
            [
              -63.58186,
              44.641725
            ],
            [
              -63.581919,
              44.641709
            ],
            [
              -63.581978,
              44.641694
            ],
            [
              -63.582037,
              44.641678
            ],
            [
              -63.582096,
              44.641662
            ],
            [
              -63.582155,
              44.641647
            ],
            [
              -63.582213,
              44.641631
            ],
            [
              -63.582272,
              44.641615
            ],
            [
              -63.582331,
              44.6416
            ],
            [
              -63.58239,
              44.641584
            ],
            [
              -63.582449,
              44.641568
            ],
            [
              -63.582508,
              44.641553
            ],
            [
              -63.582566,
              44.641537
            ],
            [
              -63.582625,
              44.641521
            ],
            [
              -63.582684,
              44.641506
            ],
            [
              -63.582743,
              44.64149
            ],
            [
              -63.582802,
              44.641475
            ],
            [
              -63.582861,
              44.641459
            ],
            [
              -63.582919,
              44.641443
            ],
            [
              -63.582978,
              44.641428
            ],
            [
              -63.583037,
              44.641412
            ],
            [
              -63.583096,
              44.641396
            ],
            [
              -63.583155,
              44.641381
            ],
            [
              -63.583214,
              44.641365
            ],
            [
              -63.583272,
              44.641349
            ],
            [
              -63.583331,
              44.641334
            ]
          ],
          [
            [
              -63.585079,
              44.640864
            ],
            [
              -63.585133,
              44.640849
            ],
            [
              -63.585186,
              44.640835
            ],
            [
              -63.58524,
              44.64082
            ],
            [
              -63.585294,
              44.640806
            ],
            [
              -63.585347,
              44.640791
            ],
            [
              -63.585401,
              44.640777
            ],
            [
              -63.585455,
              44.640762
            ],
            [
              -63.585509,
              44.640748
            ],
            [
              -63.585562,
              44.640733
            ],
            [
              -63.585616,
              44.640719
            ],
            [
              -63.58567,
              44.640704
            ],
            [
              -63.585687,
              44.6407
            ],
            [
              -63.585745,
              44.640684
            ],
            [
              -63.585803,
              44.640668
            ],
            [
              -63.585861,
              44.640653
            ],
            [
              -63.58592,
              44.640637
            ],
            [
              -63.585978,
              44.640621
            ],
            [
              -63.586036,
              44.640605
            ],
            [
              -63.586095,
              44.64059
            ],
            [
              -63.586153,
              44.640574
            ],
            [
              -63.586211,
              44.640558
            ],
            [
              -63.58627,
              44.640542
            ],
            [
              -63.586328,
              44.640527
            ],
            [
              -63.586387,
              44.640511
            ],
            [
              -63.586445,
              44.640495
            ],
            [
              -63.586503,
              44.640479
            ],
            [
              -63.586562,
              44.640464
            ],
            [
              -63.58662,
              44.640448
            ],
            [
              -63.586679,
              44.640432
            ],
            [
              -63.586737,
              44.640416
            ],
            [
              -63.586795,
              44.640401
            ],
            [
              -63.586854,
              44.640385
            ]
          ],
          [
            [
              -63.573881,
              44.643873
            ],
            [
              -63.573937,
              44.643858
            ],
            [
              -63.573993,
              44.643843
            ],
            [
              -63.574049,
              44.643828
            ],
            [
              -63.574105,
              44.643813
            ],
            [
              -63.574161,
              44.643798
            ],
            [
              -63.574216,
              44.643784
            ],
            [
              -63.574272,
              44.643769
            ],
            [
              -63.574328,
              44.643754
            ],
            [
              -63.574384,
              44.643739
            ],
            [
              -63.57444,
              44.643724
            ],
            [
              -63.574496,
              44.643709
            ],
            [
              -63.574552,
              44.643694
            ],
            [
              -63.574608,
              44.643679
            ],
            [
              -63.574664,
              44.643664
            ],
            [
              -63.57472,
              44.643649
            ],
            [
              -63.574776,
              44.643634
            ],
            [
              -63.574832,
              44.643619
            ],
            [
              -63.574888,
              44.643604
            ]
          ],
          [
            [
              -63.583331,
              44.641334
            ],
            [
              -63.583389,
              44.641318
            ],
            [
              -63.583448,
              44.641302
            ],
            [
              -63.583506,
              44.641287
            ],
            [
              -63.583564,
              44.641271
            ],
            [
              -63.583623,
              44.641255
            ],
            [
              -63.583681,
              44.64124
            ],
            [
              -63.583739,
              44.641224
            ],
            [
              -63.583797,
              44.641208
            ],
            [
              -63.583856,
              44.641193
            ],
            [
              -63.583914,
              44.641177
            ],
            [
              -63.583972,
              44.641161
            ],
            [
              -63.58403,
              44.641146
            ],
            [
              -63.584089,
              44.64113
            ],
            [
              -63.584147,
              44.641114
            ],
            [
              -63.584205,
              44.641099
            ],
            [
              -63.584263,
              44.641083
            ],
            [
              -63.584322,
              44.641067
            ],
            [
              -63.58438,
              44.641052
            ],
            [
              -63.584438,
              44.641036
            ],
            [
              -63.584496,
              44.64102
            ],
            [
              -63.584555,
              44.641005
            ],
            [
              -63.584613,
              44.640989
            ],
            [
              -63.584671,
              44.640973
            ],
            [
              -63.58473,
              44.640958
            ],
            [
              -63.584788,
              44.640942
            ],
            [
              -63.584846,
              44.640926
            ],
            [
              -63.584904,
              44.640911
            ],
            [
              -63.584963,
              44.640895
            ],
            [
              -63.585021,
              44.640879
            ],
            [
              -63.585079,
              44.640864
            ]
          ],
          [
            [
              -63.575963,
              44.643313
            ],
            [
              -63.576019,
              44.643298
            ],
            [
              -63.576075,
              44.643284
            ],
            [
              -63.576131,
              44.643269
            ],
            [
              -63.576187,
              44.643255
            ],
            [
              -63.576243,
              44.64324
            ],
            [
              -63.576299,
              44.643226
            ],
            [
              -63.576355,
              44.643211
            ],
            [
              -63.576411,
              44.643197
            ],
            [
              -63.576467,
              44.643182
            ],
            [
              -63.576523,
              44.643167
            ],
            [
              -63.576579,
              44.643153
            ],
            [
              -63.576635,
              44.643138
            ],
            [
              -63.576691,
              44.643124
            ],
            [
              -63.576747,
              44.643109
            ],
            [
              -63.576803,
              44.643095
            ],
            [
              -63.576859,
              44.64308
            ],
            [
              -63.576914,
              44.643065
            ]
          ],
          [
            [
              -63.57254,
              44.644216
            ],
            [
              -63.572599,
              44.644201
            ],
            [
              -63.572657,
              44.644186
            ],
            [
              -63.572715,
              44.644172
            ],
            [
              -63.572773,
              44.644157
            ],
            [
              -63.572832,
              44.644142
            ],
            [
              -63.57289,
              44.644127
            ],
            [
              -63.572948,
              44.644112
            ],
            [
              -63.573007,
              44.644097
            ],
            [
              -63.573065,
              44.644082
            ],
            [
              -63.573123,
              44.644067
            ],
            [
              -63.573181,
              44.644052
            ],
            [
              -63.57324,
              44.644037
            ],
            [
              -63.573298,
              44.644022
            ],
            [
              -63.573356,
              44.644007
            ],
            [
              -63.573414,
              44.643992
            ],
            [
              -63.573473,
              44.643978
            ],
            [
              -63.573531,
              44.643963
            ],
            [
              -63.573589,
              44.643948
            ],
            [
              -63.573648,
              44.643933
            ],
            [
              -63.573706,
              44.643918
            ],
            [
              -63.573764,
              44.643903
            ],
            [
              -63.573822,
              44.643888
            ],
            [
              -63.573881,
              44.643873
            ]
          ]
        ]
      }
    },
    {
      "type": "Feature",
      "properties": {
        "SEGMENT_ID": "S7-GOTTINGEN-01",
        "STREET": "Gottingen Street",
        "SCHEDULE": "Schedule 7",
        "EXTENT": "Cogswell Street to North Street",
        "SOURCE": "RCLUB Schedule 7 (Map 19) extent, geometry derived from halifax_street_centerlines (HRM StreetNetwork) \u2014 ABS-435"
      },
      "geometry": {
        "type": "MultiLineString",
        "coordinates": [
          [
            [
              -63.585346,
              44.653372
            ],
            [
              -63.585386,
              44.653401
            ],
            [
              -63.585427,
              44.653431
            ],
            [
              -63.585468,
              44.65346
            ],
            [
              -63.585509,
              44.653489
            ],
            [
              -63.58555,
              44.653518
            ],
            [
              -63.585591,
              44.653547
            ],
            [
              -63.585632,
              44.653577
            ],
            [
              -63.585673,
              44.653606
            ],
            [
              -63.585714,
              44.653635
            ]
          ],
          [
            [
              -63.585714,
              44.653635
            ],
            [
              -63.585758,
              44.653665
            ],
            [
              -63.585802,
              44.653696
            ],
            [
              -63.585847,
              44.653726
            ],
            [
              -63.585891,
              44.653756
            ],
            [
              -63.585935,
              44.653786
            ],
            [
              -63.58598,
              44.653817
            ],
            [
              -63.586024,
              44.653847
            ],
            [
              -63.586068,
              44.653877
            ],
            [
              -63.586113,
              44.653907
            ],
            [
              -63.586157,
              44.653938
            ],
            [
              -63.586201,
              44.653968
            ],
            [
              -63.586246,
              44.653998
            ],
            [
              -63.58629,
              44.654028
            ],
            [
              -63.586334,
              44.654059
            ],
            [
              -63.586379,
              44.654089
            ],
            [
              -63.586423,
              44.654119
            ],
            [
              -63.586468,
              44.654149
            ],
            [
              -63.586512,
              44.654179
            ],
            [
              -63.586556,
              44.65421
            ],
            [
              -63.586601,
              44.65424
            ],
            [
              -63.586645,
              44.65427
            ],
            [
              -63.586689,
              44.6543
            ],
            [
              -63.586734,
              44.654331
            ],
            [
              -63.586778,
              44.654361
            ],
            [
              -63.586822,
              44.654391
            ],
            [
              -63.586867,
              44.654421
            ],
            [
              -63.586911,
              44.654452
            ],
            [
              -63.586955,
              44.654482
            ],
            [
              -63.587,
              44.654512
            ],
            [
              -63.587044,
              44.654542
            ],
            [
              -63.587089,
              44.654573
            ],
            [
              -63.587133,
              44.654603
            ]
          ],
          [
            [
              -63.590781,
              44.657106
            ],
            [
              -63.590816,
              44.657129
            ],
            [
              -63.590857,
              44.657158
            ],
            [
              -63.590899,
              44.657186
            ],
            [
              -63.59094,
              44.657215
            ],
            [
              -63.590982,
              44.657243
            ],
            [
              -63.591016,
              44.657267
            ],
            [
              -63.59105,
              44.657291
            ],
            [
              -63.59108,
              44.657312
            ],
            [
              -63.591117,
              44.657338
            ]
          ],
          [
            [
              -63.587952,
              44.655165
            ],
            [
              -63.587997,
              44.655196
            ],
            [
              -63.588041,
              44.655226
            ],
            [
              -63.588086,
              44.655257
            ],
            [
              -63.588131,
              44.655287
            ],
            [
              -63.588175,
              44.655318
            ],
            [
              -63.58822,
              44.655348
            ],
            [
              -63.588265,
              44.655379
            ],
            [
              -63.588309,
              44.65541
            ],
            [
              -63.588354,
              44.65544
            ],
            [
              -63.588399,
              44.655471
            ],
            [
              -63.588443,
              44.655501
            ],
            [
              -63.588488,
              44.655532
            ],
            [
              -63.588533,
              44.655562
            ],
            [
              -63.588577,
              44.655593
            ],
            [
              -63.588622,
              44.655624
            ],
            [
              -63.588667,
              44.655654
            ],
            [
              -63.588711,
              44.655685
            ],
            [
              -63.588756,
              44.655715
            ],
            [
              -63.588801,
              44.655746
            ],
            [
              -63.588845,
              44.655776
            ]
          ],
          [
            [
              -63.587133,
              44.654603
            ],
            [
              -63.587176,
              44.654632
            ],
            [
              -63.587219,
              44.654662
            ],
            [
              -63.587262,
              44.654692
            ],
            [
              -63.587305,
              44.654721
            ],
            [
              -63.587348,
              44.654751
            ],
            [
              -63.587392,
              44.65478
            ],
            [
              -63.587435,
              44.65481
            ],
            [
              -63.587478,
              44.65484
            ],
            [
              -63.587521,
              44.654869
            ],
            [
              -63.587564,
              44.654899
            ],
            [
              -63.587607,
              44.654928
            ],
            [
              -63.58765,
              44.654958
            ],
            [
              -63.587693,
              44.654987
            ],
            [
              -63.587736,
              44.655017
            ],
            [
              -63.58778,
              44.655047
            ],
            [
              -63.587823,
              44.655076
            ],
            [
              -63.587866,
              44.655106
            ],
            [
              -63.587909,
              44.655135
            ],
            [
              -63.587952,
              44.655165
            ]
          ],
          [
            [
              -63.589673,
              44.65635
            ],
            [
              -63.589716,
              44.656379
            ],
            [
              -63.589759,
              44.656409
            ],
            [
              -63.589802,
              44.656438
            ],
            [
              -63.589845,
              44.656467
            ],
            [
              -63.589887,
              44.656496
            ],
            [
              -63.58993,
              44.656526
            ],
            [
              -63.589973,
              44.656555
            ],
            [
              -63.590016,
              44.656584
            ],
            [
              -63.590059,
              44.656613
            ],
            [
              -63.590102,
              44.656642
            ],
            [
              -63.590145,
              44.656672
            ],
            [
              -63.590187,
              44.656701
            ],
            [
              -63.590205,
              44.656713
            ],
            [
              -63.590249,
              44.656743
            ],
            [
              -63.590293,
              44.656773
            ],
            [
              -63.590336,
              44.656803
            ],
            [
              -63.59038,
              44.656832
            ],
            [
              -63.590424,
              44.656862
            ],
            [
              -63.590468,
              44.656892
            ],
            [
              -63.590511,
              44.656922
            ],
            [
              -63.590555,
              44.656952
            ],
            [
              -63.590599,
              44.656982
            ],
            [
              -63.590643,
              44.657011
            ],
            [
              -63.590686,
              44.657041
            ],
            [
              -63.59073,
              44.657071
            ],
            [
              -63.590774,
              44.657101
            ],
            [
              -63.590781,
              44.657106
            ]
          ],
          [
            [
              -63.590774,
              44.657101
            ],
            [
              -63.590794,
              44.657137
            ],
            [
              -63.590815,
              44.657173
            ],
            [
              -63.590835,
              44.657209
            ],
            [
              -63.590856,
              44.657245
            ],
            [
              -63.590861,
              44.657256
            ],
            [
              -63.590865,
              44.657269
            ],
            [
              -63.590869,
              44.657281
            ],
            [
              -63.590872,
              44.657293
            ],
            [
              -63.590874,
              44.657306
            ],
            [
              -63.590875,
              44.657318
            ],
            [
              -63.590875,
              44.657331
            ],
            [
              -63.590874,
              44.657343
            ],
            [
              -63.590872,
              44.657356
            ],
            [
              -63.59087,
              44.657368
            ],
            [
              -63.590866,
              44.65738
            ],
            [
              -63.590862,
              44.657392
            ],
            [
              -63.590857,
              44.657404
            ],
            [
              -63.590851,
              44.657416
            ],
            [
              -63.590844,
              44.657428
            ],
            [
              -63.590822,
              44.65746
            ],
            [
              -63.590801,
              44.657492
            ]
          ],
          [
            [
              -63.582541,
              44.651458
            ],
            [
              -63.582586,
              44.651489
            ],
            [
              -63.582632,
              44.65152
            ],
            [
              -63.582677,
              44.651551
            ],
            [
              -63.582722,
              44.651582
            ],
            [
              -63.582768,
              44.651613
            ],
            [
              -63.582813,
              44.651643
            ],
            [
              -63.582859,
              44.651674
            ],
            [
              -63.582904,
              44.651705
            ],
            [
              -63.582949,
              44.651736
            ],
            [
              -63.582995,
              44.651767
            ],
            [
              -63.58304,
              44.651798
            ],
            [
              -63.583086,
              44.651829
            ],
            [
              -63.583131,
              44.65186
            ],
            [
              -63.58314,
              44.651867
            ],
            [
              -63.583176,
              44.651891
            ],
            [
              -63.583198,
              44.651906
            ],
            [
              -63.583243,
              44.651937
            ],
            [
              -63.583288,
              44.651967
            ],
            [
              -63.583333,
              44.651998
            ],
            [
              -63.583378,
              44.652029
            ],
            [
              -63.583423,
              44.652059
            ],
            [
              -63.583468,
              44.65209
            ],
            [
              -63.583513,
              44.652121
            ],
            [
              -63.583558,
              44.652151
            ],
            [
              -63.583579,
              44.652165
            ],
            [
              -63.58362,
              44.652194
            ],
            [
              -63.583661,
              44.652222
            ],
            [
              -63.583702,
              44.65225
            ],
            [
              -63.583744,
              44.652278
            ],
            [
              -63.583785,
              44.652306
            ],
            [
              -63.583826,
              44.652334
            ],
            [
              -63.583867,
              44.652362
            ],
            [
              -63.583909,
              44.65239
            ],
            [
              -63.58391,
              44.652391
            ]
          ],
          [
            [
              -63.581038,
              44.650484
            ],
            [
              -63.58108,
              44.650508
            ],
            [
              -63.581123,
              44.650532
            ],
            [
              -63.581165,
              44.650557
            ],
            [
              -63.581208,
              44.650581
            ],
            [
              -63.58125,
              44.650606
            ],
            [
              -63.581294,
              44.650634
            ],
            [
              -63.581339,
              44.650663
            ],
            [
              -63.581383,
              44.650692
            ],
            [
              -63.581427,
              44.650721
            ],
            [
              -63.581471,
              44.65075
            ],
            [
              -63.581515,
              44.650779
            ],
            [
              -63.581559,
              44.650808
            ],
            [
              -63.581603,
              44.650837
            ],
            [
              -63.581647,
              44.650865
            ],
            [
              -63.581691,
              44.650894
            ],
            [
              -63.581735,
              44.650923
            ],
            [
              -63.581779,
              44.650952
            ],
            [
              -63.581824,
              44.650981
            ],
            [
              -63.581867,
              44.651009
            ],
            [
              -63.58191,
              44.651038
            ],
            [
              -63.581953,
              44.651067
            ],
            [
              -63.581996,
              44.651095
            ],
            [
              -63.582039,
              44.651124
            ],
            [
              -63.582082,
              44.651152
            ],
            [
              -63.582125,
              44.651181
            ],
            [
              -63.582168,
              44.651209
            ],
            [
              -63.582211,
              44.651238
            ],
            [
              -63.582254,
              44.651266
            ],
            [
              -63.582297,
              44.651295
            ]
          ],
          [
            [
              -63.588845,
              44.655776
            ],
            [
              -63.588881,
              44.655801
            ],
            [
              -63.588916,
              44.655826
            ],
            [
              -63.588952,
              44.65585
            ],
            [
              -63.588987,
              44.655875
            ],
            [
              -63.588999,
              44.655883
            ],
            [
              -63.589044,
              44.655914
            ],
            [
              -63.589089,
              44.655945
            ],
            [
              -63.589134,
              44.655976
            ],
            [
              -63.589179,
              44.656007
            ],
            [
              -63.589224,
              44.656039
            ],
            [
              -63.589269,
              44.65607
            ],
            [
              -63.589313,
              44.656101
            ],
            [
              -63.589358,
              44.656132
            ],
            [
              -63.589403,
              44.656163
            ],
            [
              -63.589448,
              44.656194
            ],
            [
              -63.589493,
              44.656226
            ],
            [
              -63.589538,
              44.656257
            ],
            [
              -63.589583,
              44.656288
            ],
            [
              -63.589628,
              44.656319
            ],
            [
              -63.589673,
              44.65635
            ]
          ],
          [
            [
              -63.58391,
              44.652391
            ],
            [
              -63.583953,
              44.65242
            ],
            [
              -63.583996,
              44.65245
            ],
            [
              -63.58404,
              44.65248
            ],
            [
              -63.584084,
              44.65251
            ],
            [
              -63.584128,
              44.65254
            ],
            [
              -63.584172,
              44.65257
            ],
            [
              -63.584216,
              44.6526
            ],
            [
              -63.58426,
              44.65263
            ],
            [
              -63.584304,
              44.65266
            ],
            [
              -63.584347,
              44.65269
            ],
            [
              -63.584391,
              44.65272
            ],
            [
              -63.584435,
              44.65275
            ],
            [
              -63.584479,
              44.65278
            ],
            [
              -63.584523,
              44.65281
            ],
            [
              -63.584567,
              44.65284
            ],
            [
              -63.584611,
              44.65287
            ],
            [
              -63.584654,
              44.6529
            ],
            [
              -63.584698,
              44.65293
            ],
            [
              -63.584742,
              44.65296
            ],
            [
              -63.584786,
              44.65299
            ],
            [
              -63.58483,
              44.65302
            ],
            [
              -63.584874,
              44.65305
            ],
            [
              -63.584918,
              44.65308
            ],
            [
              -63.584962,
              44.65311
            ],
            [
              -63.584991,
              44.65313
            ],
            [
              -63.585035,
              44.65316
            ],
            [
              -63.585079,
              44.65319
            ],
            [
              -63.585124,
              44.653221
            ],
            [
              -63.585168,
              44.653251
            ],
            [
              -63.585212,
              44.653281
            ],
            [
              -63.585257,
              44.653312
            ],
            [
              -63.585301,
              44.653342
            ],
            [
              -63.585346,
              44.653372
            ]
          ],
          [
            [
              -63.582297,
              44.651295
            ],
            [
              -63.582337,
              44.651322
            ],
            [
              -63.582378,
              44.651349
            ],
            [
              -63.582419,
              44.651376
            ],
            [
              -63.58246,
              44.651404
            ],
            [
              -63.5825,
              44.651431
            ],
            [
              -63.582541,
              44.651458
            ]
          ]
        ]
      }
    },
    {
      "type": "Feature",
      "properties": {
        "SEGMENT_ID": "S7-AGRICOLA-01",
        "STREET": "Agricola Street",
        "SCHEDULE": "Schedule 7",
        "EXTENT": "North Street to Young Street",
        "SOURCE": "RCLUB Schedule 7 (Map 19) extent, geometry derived from halifax_street_centerlines (HRM StreetNetwork) \u2014 ABS-435"
      },
      "geometry": {
        "type": "MultiLineString",
        "coordinates": [
          [
            [
              -63.595994,
              44.657195
            ],
            [
              -63.596039,
              44.657226
            ],
            [
              -63.596084,
              44.657257
            ],
            [
              -63.59613,
              44.657288
            ],
            [
              -63.596175,
              44.657319
            ],
            [
              -63.59622,
              44.65735
            ],
            [
              -63.596266,
              44.657381
            ],
            [
              -63.596311,
              44.657412
            ],
            [
              -63.596356,
              44.657443
            ],
            [
              -63.596402,
              44.657474
            ],
            [
              -63.596447,
              44.657505
            ],
            [
              -63.596492,
              44.657535
            ],
            [
              -63.596538,
              44.657566
            ],
            [
              -63.596583,
              44.657597
            ],
            [
              -63.596629,
              44.657628
            ],
            [
              -63.596674,
              44.657659
            ],
            [
              -63.596719,
              44.65769
            ],
            [
              -63.596765,
              44.657721
            ],
            [
              -63.59681,
              44.657752
            ],
            [
              -63.596819,
              44.657759
            ]
          ],
          [
            [
              -63.598257,
              44.658755
            ],
            [
              -63.598301,
              44.658785
            ],
            [
              -63.598344,
              44.658816
            ],
            [
              -63.598388,
              44.658846
            ],
            [
              -63.598432,
              44.658877
            ],
            [
              -63.598475,
              44.658907
            ],
            [
              -63.598519,
              44.658938
            ],
            [
              -63.598563,
              44.658968
            ],
            [
              -63.598606,
              44.658998
            ],
            [
              -63.59865,
              44.659029
            ],
            [
              -63.598693,
              44.659059
            ],
            [
              -63.598737,
              44.65909
            ],
            [
              -63.598781,
              44.65912
            ],
            [
              -63.598824,
              44.659151
            ],
            [
              -63.598868,
              44.659181
            ],
            [
              -63.598912,
              44.659212
            ],
            [
              -63.598955,
              44.659242
            ]
          ],
          [
            [
              -63.599671,
              44.659743
            ],
            [
              -63.599715,
              44.659774
            ],
            [
              -63.599759,
              44.659805
            ],
            [
              -63.599803,
              44.659836
            ],
            [
              -63.599847,
              44.659867
            ],
            [
              -63.599891,
              44.659898
            ],
            [
              -63.599936,
              44.659928
            ],
            [
              -63.59998,
              44.659959
            ],
            [
              -63.600024,
              44.65999
            ],
            [
              -63.600068,
              44.660021
            ],
            [
              -63.600112,
              44.660052
            ],
            [
              -63.600156,
              44.660083
            ],
            [
              -63.6002,
              44.660114
            ],
            [
              -63.600244,
              44.660144
            ],
            [
              -63.600288,
              44.660175
            ],
            [
              -63.600332,
              44.660206
            ],
            [
              -63.600376,
              44.660237
            ],
            [
              -63.60042,
              44.660268
            ]
          ],
          [
            [
              -63.594336,
              44.655971
            ],
            [
              -63.594375,
              44.656004
            ],
            [
              -63.594414,
              44.656037
            ],
            [
              -63.594453,
              44.65607
            ],
            [
              -63.594492,
              44.656103
            ],
            [
              -63.594531,
              44.656136
            ],
            [
              -63.59457,
              44.656168
            ],
            [
              -63.594609,
              44.656201
            ],
            [
              -63.594648,
              44.656234
            ],
            [
              -63.594687,
              44.656267
            ],
            [
              -63.594727,
              44.6563
            ],
            [
              -63.594766,
              44.656333
            ],
            [
              -63.594791,
              44.656354
            ],
            [
              -63.594817,
              44.656375
            ],
            [
              -63.594843,
              44.656395
            ],
            [
              -63.594869,
              44.656416
            ],
            [
              -63.594896,
              44.656436
            ],
            [
              -63.594922,
              44.656456
            ],
            [
              -63.594949,
              44.656476
            ],
            [
              -63.594975,
              44.656497
            ],
            [
              -63.595002,
              44.656516
            ],
            [
              -63.595029,
              44.656536
            ],
            [
              -63.595056,
              44.656556
            ],
            [
              -63.595084,
              44.656576
            ],
            [
              -63.595111,
              44.656595
            ],
            [
              -63.595139,
              44.656615
            ],
            [
              -63.595182,
              44.656644
            ],
            [
              -63.595225,
              44.656673
            ],
            [
              -63.595268,
              44.656703
            ],
            [
              -63.595311,
              44.656732
            ],
            [
              -63.595354,
              44.656761
            ],
            [
              -63.595397,
              44.656791
            ],
            [
              -63.595441,
              44.65682
            ],
            [
              -63.595484,
              44.65685
            ],
            [
              -63.595527,
              44.656879
            ],
            [
              -63.59557,
              44.656908
            ],
            [
              -63.595613,
              44.656938
            ],
            [
              -63.595656,
              44.656967
            ],
            [
              -63.595699,
              44.656996
            ]
          ],
          [
            [
              -63.597552,
              44.658263
            ],
            [
              -63.597596,
              44.658294
            ],
            [
              -63.59764,
              44.658325
            ],
            [
              -63.597684,
              44.658355
            ],
            [
              -63.597728,
              44.658386
            ],
            [
              -63.597772,
              44.658417
            ],
            [
              -63.597816,
              44.658448
            ],
            [
              -63.59786,
              44.658478
            ],
            [
              -63.597904,
              44.658509
            ],
            [
              -63.597949,
              44.65854
            ],
            [
              -63.597993,
              44.658571
            ],
            [
              -63.598037,
              44.658601
            ],
            [
              -63.598081,
              44.658632
            ],
            [
              -63.598125,
              44.658663
            ],
            [
              -63.598169,
              44.658693
            ],
            [
              -63.598213,
              44.658724
            ],
            [
              -63.598257,
              44.658755
            ]
          ],
          [
            [
              -63.593732,
              44.655465
            ],
            [
              -63.593763,
              44.655486
            ],
            [
              -63.593793,
              44.655508
            ],
            [
              -63.593832,
              44.655541
            ],
            [
              -63.593871,
              44.655574
            ],
            [
              -63.593909,
              44.655607
            ],
            [
              -63.593948,
              44.65564
            ],
            [
              -63.593987,
              44.655673
            ],
            [
              -63.594026,
              44.655706
            ],
            [
              -63.594064,
              44.655739
            ],
            [
              -63.594103,
              44.655772
            ],
            [
              -63.594142,
              44.655805
            ],
            [
              -63.594181,
              44.655839
            ],
            [
              -63.594219,
              44.655872
            ],
            [
              -63.594258,
              44.655905
            ],
            [
              -63.594297,
              44.655938
            ],
            [
              -63.594336,
              44.655971
            ]
          ],
          [
            [
              -63.595699,
              44.656996
            ],
            [
              -63.595743,
              44.657026
            ],
            [
              -63.595787,
              44.657056
            ],
            [
              -63.595828,
              44.657084
            ],
            [
              -63.59587,
              44.657111
            ],
            [
              -63.595911,
              44.657139
            ],
            [
              -63.595952,
              44.657167
            ],
            [
              -63.595994,
              44.657195
            ]
          ],
          [
            [
              -63.598955,
              44.659242
            ],
            [
              -63.599,
              44.659273
            ],
            [
              -63.599045,
              44.659305
            ],
            [
              -63.599089,
              44.659336
            ],
            [
              -63.599134,
              44.659367
            ],
            [
              -63.599179,
              44.659399
            ],
            [
              -63.599224,
              44.65943
            ],
            [
              -63.599268,
              44.659461
            ],
            [
              -63.599313,
              44.659493
            ],
            [
              -63.599358,
              44.659524
            ],
            [
              -63.599403,
              44.659555
            ],
            [
              -63.599447,
              44.659587
            ],
            [
              -63.599492,
              44.659618
            ],
            [
              -63.599537,
              44.659649
            ],
            [
              -63.599582,
              44.659681
            ],
            [
              -63.599626,
              44.659712
            ],
            [
              -63.599671,
              44.659743
            ]
          ],
          [
            [
              -63.596819,
              44.657759
            ],
            [
              -63.596863,
              44.657788
            ],
            [
              -63.596906,
              44.657818
            ],
            [
              -63.596949,
              44.657848
            ],
            [
              -63.596992,
              44.657877
            ],
            [
              -63.597035,
              44.657907
            ],
            [
              -63.597078,
              44.657937
            ],
            [
              -63.597121,
              44.657966
            ],
            [
              -63.597164,
              44.657996
            ],
            [
              -63.597207,
              44.658026
            ],
            [
              -63.59725,
              44.658055
            ],
            [
              -63.597293,
              44.658085
            ],
            [
              -63.597336,
              44.658115
            ],
            [
              -63.597379,
              44.658144
            ],
            [
              -63.597422,
              44.658174
            ],
            [
              -63.597466,
              44.658204
            ],
            [
              -63.597509,
              44.658233
            ],
            [
              -63.597552,
              44.658263
            ]
          ],
          [
            [
              -63.60042,
              44.660268
            ],
            [
              -63.600464,
              44.660298
            ],
            [
              -63.600508,
              44.660329
            ],
            [
              -63.600552,
              44.660359
            ],
            [
              -63.600596,
              44.660389
            ],
            [
              -63.60064,
              44.66042
            ],
            [
              -63.600683,
              44.66045
            ],
            [
              -63.600727,
              44.660481
            ],
            [
              -63.600771,
              44.660511
            ],
            [
              -63.600815,
              44.660541
            ],
            [
              -63.600859,
              44.660572
            ],
            [
              -63.600903,
              44.660602
            ],
            [
              -63.600947,
              44.660632
            ],
            [
              -63.60099,
              44.660663
            ],
            [
              -63.601034,
              44.660693
            ]
          ]
        ]
      }
    },
    {
      "type": "Feature",
      "properties": {
        "SEGMENT_ID": "S7-BARRINGTON-01",
        "STREET": "Barrington Street",
        "SCHEDULE": "Schedule 7",
        "EXTENT": "Spring Garden Road to Cornwallis Street",
        "SOURCE": "RCLUB Schedule 7 (Map 19) extent, geometry derived from halifax_street_centerlines (HRM StreetNetwork) \u2014 ABS-435"
      },
      "geometry": {
        "type": "MultiLineString",
        "coordinates": [
          [
            [
              -63.572784,
              44.644711
            ],
            [
              -63.572805,
              44.644753
            ],
            [
              -63.572826,
              44.644795
            ],
            [
              -63.572847,
              44.644838
            ],
            [
              -63.572868,
              44.64488
            ],
            [
              -63.572889,
              44.644922
            ],
            [
              -63.57291,
              44.644964
            ],
            [
              -63.572931,
              44.645006
            ],
            [
              -63.572952,
              44.645048
            ],
            [
              -63.572973,
              44.64509
            ],
            [
              -63.572994,
              44.645132
            ],
            [
              -63.573015,
              44.645174
            ],
            [
              -63.573036,
              44.645216
            ],
            [
              -63.573057,
              44.645258
            ],
            [
              -63.573078,
              44.6453
            ],
            [
              -63.573079,
              44.645302
            ]
          ],
          [
            [
              -63.57357,
              44.646263
            ],
            [
              -63.573591,
              44.646303
            ],
            [
              -63.573611,
              44.646343
            ],
            [
              -63.573632,
              44.646383
            ],
            [
              -63.573652,
              44.646423
            ],
            [
              -63.573673,
              44.646463
            ],
            [
              -63.573693,
              44.646502
            ],
            [
              -63.573713,
              44.646542
            ],
            [
              -63.573734,
              44.646582
            ],
            [
              -63.573754,
              44.646622
            ],
            [
              -63.573775,
              44.646662
            ],
            [
              -63.573795,
              44.646702
            ],
            [
              -63.573816,
              44.646742
            ],
            [
              -63.573836,
              44.646781
            ],
            [
              -63.573857,
              44.646821
            ],
            [
              -63.573867,
              44.646841
            ],
            [
              -63.573885,
              44.646877
            ],
            [
              -63.573903,
              44.646912
            ],
            [
              -63.573922,
              44.646948
            ],
            [
              -63.57394,
              44.646984
            ],
            [
              -63.573958,
              44.64702
            ],
            [
              -63.573977,
              44.647056
            ],
            [
              -63.57398,
              44.647061
            ],
            [
              -63.573998,
              44.647098
            ],
            [
              -63.574017,
              44.647134
            ],
            [
              -63.574036,
              44.647171
            ],
            [
              -63.574055,
              44.647208
            ],
            [
              -63.574074,
              44.647244
            ]
          ],
          [
            [
              -63.57254,
              44.644216
            ],
            [
              -63.572558,
              44.644253
            ],
            [
              -63.572576,
              44.644289
            ],
            [
              -63.572594,
              44.644326
            ],
            [
              -63.572612,
              44.644362
            ],
            [
              -63.572626,
              44.644391
            ],
            [
              -63.572646,
              44.644431
            ],
            [
              -63.572666,
              44.644471
            ],
            [
              -63.572686,
              44.644511
            ],
            [
              -63.572705,
              44.644551
            ],
            [
              -63.572725,
              44.644591
            ],
            [
              -63.572745,
              44.644631
            ],
            [
              -63.572764,
              44.644671
            ],
            [
              -63.572784,
              44.644711
            ]
          ],
          [
            [
              -63.575066,
              44.64921
            ],
            [
              -63.575097,
              44.649272
            ],
            [
              -63.575321,
              44.649806
            ],
            [
              -63.575569,
              44.650311
            ],
            [
              -63.575667,
              44.650488
            ],
            [
              -63.575784,
              44.650678
            ],
            [
              -63.57583,
              44.650751
            ],
            [
              -63.575952,
              44.650933
            ]
          ],
          [
            [
              -63.574581,
              44.648223
            ],
            [
              -63.574599,
              44.648259
            ],
            [
              -63.574617,
              44.648296
            ],
            [
              -63.574635,
              44.648332
            ],
            [
              -63.574653,
              44.648369
            ],
            [
              -63.574671,
              44.648406
            ],
            [
              -63.574689,
              44.648442
            ],
            [
              -63.574707,
              44.648479
            ],
            [
              -63.574721,
              44.648507
            ],
            [
              -63.574741,
              44.648548
            ],
            [
              -63.574761,
              44.64859
            ],
            [
              -63.574782,
              44.648631
            ],
            [
              -63.574802,
              44.648672
            ],
            [
              -63.574822,
              44.648714
            ],
            [
              -63.574843,
              44.648755
            ],
            [
              -63.574863,
              44.648796
            ],
            [
              -63.574883,
              44.648838
            ],
            [
              -63.574904,
              44.648879
            ],
            [
              -63.574924,
              44.648921
            ],
            [
              -63.574944,
              44.648962
            ],
            [
              -63.574965,
              44.649003
            ],
            [
              -63.574985,
              44.649045
            ],
            [
              -63.575005,
              44.649086
            ],
            [
              -63.575026,
              44.649127
            ],
            [
              -63.575046,
              44.649169
            ],
            [
              -63.575066,
              44.64921
            ]
          ],
          [
            [
              -63.574074,
              44.647244
            ],
            [
              -63.574095,
              44.647286
            ],
            [
              -63.574117,
              44.647327
            ],
            [
              -63.574138,
              44.647369
            ],
            [
              -63.57416,
              44.64741
            ],
            [
              -63.574181,
              44.647452
            ],
            [
              -63.574203,
              44.647493
            ],
            [
              -63.574224,
              44.647535
            ],
            [
              -63.574246,
              44.647576
            ],
            [
              -63.574267,
              44.647618
            ],
            [
              -63.574289,
              44.647659
            ],
            [
              -63.57431,
              44.6477
            ],
            [
              -63.574332,
              44.647742
            ],
            [
              -63.574353,
              44.647783
            ],
            [
              -63.574375,
              44.647825
            ],
            [
              -63.574396,
              44.647866
            ],
            [
              -63.574417,
              44.647906
            ],
            [
              -63.574437,
              44.647946
            ],
            [
              -63.574458,
              44.647985
            ],
            [
              -63.574478,
              44.648025
            ],
            [
              -63.574499,
              44.648064
            ],
            [
              -63.57452,
              44.648104
            ],
            [
              -63.57454,
              44.648144
            ],
            [
              -63.574561,
              44.648183
            ],
            [
              -63.574581,
              44.648223
            ]
          ],
          [
            [
              -63.579121,
              44.653374
            ],
            [
              -63.579898,
              44.654075
            ]
          ],
          [
            [
              -63.581211,
              44.654299
            ],
            [
              -63.581191,
              44.654315
            ],
            [
              -63.581185,
              44.654319
            ],
            [
              -63.581172,
              44.654332
            ],
            [
              -63.581157,
              44.654347
            ],
            [
              -63.581142,
              44.654365
            ],
            [
              -63.581129,
              44.654385
            ],
            [
              -63.58112,
              44.654399
            ],
            [
              -63.581113,
              44.654417
            ],
            [
              -63.581109,
              44.654432
            ],
            [
              -63.581106,
              44.654452
            ],
            [
              -63.581104,
              44.654473
            ],
            [
              -63.581104,
              44.654496
            ],
            [
              -63.581106,
              44.654516
            ],
            [
              -63.58111,
              44.654536
            ],
            [
              -63.581115,
              44.654553
            ],
            [
              -63.581122,
              44.65457
            ]
          ],
          [
            [
              -63.581122,
              44.65457
            ],
            [
              -63.581133,
              44.654587
            ],
            [
              -63.581148,
              44.654605
            ],
            [
              -63.581163,
              44.654619
            ],
            [
              -63.581181,
              44.654635
            ],
            [
              -63.581201,
              44.654648
            ],
            [
              -63.581222,
              44.654659
            ]
          ],
          [
            [
              -63.581617,
              44.654342
            ],
            [
              -63.581598,
              44.654326
            ],
            [
              -63.581579,
              44.654312
            ],
            [
              -63.581555,
              44.654296
            ],
            [
              -63.581532,
              44.654284
            ],
            [
              -63.58151,
              44.654275
            ],
            [
              -63.581486,
              44.654265
            ],
            [
              -63.581458,
              44.654257
            ],
            [
              -63.581429,
              44.654251
            ]
          ],
          [
            [
              -63.581429,
              44.654251
            ],
            [
              -63.581401,
              44.65425
            ],
            [
              -63.581374,
              44.654251
            ],
            [
              -63.581352,
              44.654252
            ],
            [
              -63.581322,
              44.654256
            ],
            [
              -63.581299,
              44.654261
            ],
            [
              -63.58127,
              44.654269
            ],
            [
              -63.581247,
              44.654278
            ],
            [
              -63.58124,
              44.654282
            ],
            [
              -63.581228,
              44.654288
            ],
            [
              -63.581211,
              44.654299
            ]
          ],
          [
            [
              -63.581211,
              44.654299
            ],
            [
              -63.581138,
              44.654317
            ],
            [
              -63.581076,
              44.654331
            ],
            [
              -63.581013,
              44.654342
            ],
            [
              -63.580954,
              44.654349
            ],
            [
              -63.580883,
              44.654355
            ],
            [
              -63.580804,
              44.65436
            ],
            [
              -63.58073,
              44.65436
            ],
            [
              -63.580653,
              44.654358
            ],
            [
              -63.580586,
              44.654354
            ],
            [
              -63.58052,
              44.654347
            ],
            [
              -63.580454,
              44.654336
            ],
            [
              -63.580392,
              44.654323
            ],
            [
              -63.580327,
              44.654305
            ],
            [
              -63.580266,
              44.654282
            ],
            [
              -63.580213,
              44.654256
            ],
            [
              -63.580157,
              44.654225
            ],
            [
              -63.580106,
              44.654191
            ],
            [
              -63.580056,
              44.654158
            ],
            [
              -63.580002,
              44.654121
            ],
            [
              -63.579898,
              44.654075
            ]
          ],
          [
            [
              -63.579898,
              44.654075
            ],
            [
              -63.579926,
              44.65415
            ],
            [
              -63.57996,
              44.654192
            ],
            [
              -63.579994,
              44.654228
            ],
            [
              -63.580021,
              44.654251
            ],
            [
              -63.580045,
              44.654271
            ],
            [
              -63.580074,
              44.654292
            ],
            [
              -63.580104,
              44.654311
            ],
            [
              -63.580139,
              44.654331
            ],
            [
              -63.580177,
              44.65435
            ],
            [
              -63.580216,
              44.654368
            ],
            [
              -63.580264,
              44.654384
            ],
            [
              -63.580312,
              44.6544
            ],
            [
              -63.580355,
              44.654411
            ],
            [
              -63.580412,
              44.654423
            ],
            [
              -63.580463,
              44.654431
            ],
            [
              -63.580523,
              44.654438
            ],
            [
              -63.580581,
              44.654443
            ],
            [
              -63.580638,
              44.654446
            ],
            [
              -63.580714,
              44.654448
            ],
            [
              -63.580769,
              44.65445
            ],
            [
              -63.580824,
              44.654456
            ],
            [
              -63.580883,
              44.654466
            ],
            [
              -63.580927,
              44.654479
            ],
            [
              -63.580978,
              44.654497
            ],
            [
              -63.581023,
              44.654518
            ],
            [
              -63.581073,
              44.654545
            ],
            [
              -63.581122,
              44.65457
            ]
          ],
          [
            [
              -63.575952,
              44.650933
            ],
            [
              -63.576004,
              44.650996
            ],
            [
              -63.576104,
              44.651115
            ],
            [
              -63.576191,
              44.65121
            ],
            [
              -63.576328,
              44.65135
            ],
            [
              -63.576443,
              44.651454
            ],
            [
              -63.576585,
              44.651576
            ],
            [
              -63.576684,
              44.651647
            ]
          ],
          [
            [
              -63.576684,
              44.651647
            ],
            [
              -63.576886,
              44.651819
            ],
            [
              -63.577108,
              44.651986
            ],
            [
              -63.577287,
              44.65213
            ],
            [
              -63.577445,
              44.652258
            ],
            [
              -63.57761,
              44.652384
            ],
            [
              -63.577834,
              44.652531
            ]
          ],
          [
            [
              -63.577834,
              44.652531
            ],
            [
              -63.578005,
              44.652645
            ],
            [
              -63.57832,
              44.652842
            ],
            [
              -63.578528,
              44.652967
            ],
            [
              -63.578738,
              44.653098
            ],
            [
              -63.578852,
              44.653175
            ]
          ],
          [
            [
              -63.573079,
              44.645302
            ],
            [
              -63.573097,
              44.645337
            ],
            [
              -63.573115,
              44.645373
            ],
            [
              -63.573134,
              44.645409
            ],
            [
              -63.573152,
              44.645445
            ],
            [
              -63.573171,
              44.645482
            ],
            [
              -63.573189,
              44.645518
            ],
            [
              -63.573208,
              44.645554
            ],
            [
              -63.573227,
              44.645592
            ],
            [
              -63.573244,
              44.645624
            ],
            [
              -63.57326,
              44.645656
            ],
            [
              -63.573276,
              44.645687
            ],
            [
              -63.573297,
              44.645728
            ],
            [
              -63.573318,
              44.645769
            ],
            [
              -63.573338,
              44.645809
            ],
            [
              -63.573359,
              44.64585
            ],
            [
              -63.57338,
              44.64589
            ],
            [
              -63.5734,
              44.645931
            ],
            [
              -63.573421,
              44.645971
            ],
            [
              -63.573442,
              44.646012
            ],
            [
              -63.573463,
              44.646053
            ],
            [
              -63.573483,
              44.646093
            ],
            [
              -63.573504,
              44.646134
            ],
            [
              -63.573525,
              44.646174
            ],
            [
              -63.573545,
              44.646215
            ],
            [
              -63.573566,
              44.646255
            ],
            [
              -63.57357,
              44.646263
            ]
          ]
        ]
      }
    },
    {
      "type": "Feature",
      "properties": {
        "SEGMENT_ID": "S7-DUTCHVILLAGE-01",
        "STREET": "Dutch Village Road",
        "SCHEDULE": "Schedule 7",
        "EXTENT": "Joseph Howe Drive to Chebucto Road",
        "SOURCE": "RCLUB Schedule 7 (Map 19) extent, geometry derived from halifax_street_centerlines (HRM StreetNetwork) \u2014 ABS-435"
      },
      "geometry": {
        "type": "MultiLineString",
        "coordinates": [
          [
            [
              -63.632235,
              44.657319
            ],
            [
              -63.63225,
              44.657356
            ],
            [
              -63.632265,
              44.657394
            ],
            [
              -63.63228,
              44.657432
            ],
            [
              -63.632295,
              44.657469
            ]
          ],
          [
            [
              -63.63202,
              44.656801
            ],
            [
              -63.632038,
              44.656844
            ],
            [
              -63.632056,
              44.656887
            ],
            [
              -63.632074,
              44.656931
            ],
            [
              -63.632092,
              44.656974
            ],
            [
              -63.63211,
              44.657017
            ],
            [
              -63.632128,
              44.65706
            ],
            [
              -63.632146,
              44.657103
            ],
            [
              -63.632164,
              44.657146
            ],
            [
              -63.632182,
              44.657189
            ],
            [
              -63.632199,
              44.657233
            ],
            [
              -63.632217,
              44.657276
            ],
            [
              -63.632235,
              44.657319
            ]
          ],
          [
            [
              -63.631549,
              44.653969
            ],
            [
              -63.63158,
              44.653999
            ],
            [
              -63.631612,
              44.654029
            ],
            [
              -63.631643,
              44.654059
            ],
            [
              -63.631674,
              44.654089
            ],
            [
              -63.631705,
              44.654119
            ],
            [
              -63.631735,
              44.654149
            ],
            [
              -63.631766,
              44.65418
            ],
            [
              -63.631796,
              44.65421
            ],
            [
              -63.631826,
              44.654241
            ],
            [
              -63.631856,
              44.654272
            ],
            [
              -63.631886,
              44.654302
            ],
            [
              -63.631915,
              44.654333
            ],
            [
              -63.631934,
              44.654354
            ],
            [
              -63.631951,
              44.654376
            ],
            [
              -63.631967,
              44.654397
            ],
            [
              -63.631983,
              44.654419
            ],
            [
              -63.631997,
              44.654442
            ],
            [
              -63.632011,
              44.654464
            ],
            [
              -63.632024,
              44.654487
            ],
            [
              -63.632035,
              44.65451
            ],
            [
              -63.632046,
              44.654534
            ],
            [
              -63.632056,
              44.654558
            ],
            [
              -63.632065,
              44.654581
            ],
            [
              -63.632073,
              44.654605
            ],
            [
              -63.63208,
              44.65463
            ],
            [
              -63.632086,
              44.654654
            ],
            [
              -63.632091,
              44.654678
            ],
            [
              -63.632095,
              44.654703
            ]
          ],
          [
            [
              -63.629142,
              44.659846
            ],
            [
              -63.629094,
              44.659852
            ],
            [
              -63.629047,
              44.659859
            ],
            [
              -63.628999,
              44.659866
            ],
            [
              -63.628951,
              44.659872
            ],
            [
              -63.628922,
              44.659895
            ],
            [
              -63.628893,
              44.659918
            ]
          ],
          [
            [
              -63.629142,
              44.659846
            ],
            [
              -63.629088,
              44.659834
            ],
            [
              -63.629033,
              44.659823
            ],
            [
              -63.628979,
              44.659811
            ],
            [
              -63.628964,
              44.659808
            ],
            [
              -63.628949,
              44.659804
            ],
            [
              -63.628934,
              44.659799
            ],
            [
              -63.62892,
              44.659794
            ],
            [
              -63.628907,
              44.659788
            ],
            [
              -63.628894,
              44.659782
            ],
            [
              -63.628881,
              44.659775
            ],
            [
              -63.628869,
              44.659768
            ],
            [
              -63.628858,
              44.65976
            ],
            [
              -63.628847,
              44.659751
            ],
            [
              -63.628837,
              44.659743
            ],
            [
              -63.628828,
              44.659733
            ],
            [
              -63.62882,
              44.659724
            ],
            [
              -63.628812,
              44.659714
            ],
            [
              -63.628806,
              44.659703
            ],
            [
              -63.628782,
              44.659662
            ],
            [
              -63.628759,
              44.659621
            ],
            [
              -63.628736,
              44.65958
            ]
          ],
          [
            [
              -63.629411,
              44.659848
            ],
            [
              -63.629367,
              44.659836
            ],
            [
              -63.629323,
              44.659824
            ],
            [
              -63.629263,
              44.659831
            ],
            [
              -63.629203,
              44.659838
            ],
            [
              -63.629142,
              44.659846
            ]
          ],
          [
            [
              -63.628893,
              44.659918
            ],
            [
              -63.628931,
              44.659933
            ],
            [
              -63.628968,
              44.659948
            ],
            [
              -63.629021,
              44.659941
            ],
            [
              -63.629074,
              44.659935
            ],
            [
              -63.629127,
              44.659928
            ],
            [
              -63.629181,
              44.659921
            ],
            [
              -63.629234,
              44.659914
            ],
            [
              -63.629287,
              44.659907
            ],
            [
              -63.62934,
              44.6599
            ],
            [
              -63.629376,
              44.659874
            ],
            [
              -63.629411,
              44.659848
            ]
          ],
          [
            [
              -63.63248,
              44.658076
            ],
            [
              -63.632485,
              44.658112
            ],
            [
              -63.63249,
              44.658149
            ],
            [
              -63.632494,
              44.658179
            ],
            [
              -63.632498,
              44.65821
            ],
            [
              -63.632498,
              44.658215
            ],
            [
              -63.632503,
              44.658256
            ],
            [
              -63.632507,
              44.658286
            ],
            [
              -63.63251,
              44.658316
            ]
          ],
          [
            [
              -63.63251,
              44.658316
            ],
            [
              -63.63248,
              44.658325
            ],
            [
              -63.63245,
              44.658335
            ],
            [
              -63.632421,
              44.658345
            ],
            [
              -63.632391,
              44.658356
            ],
            [
              -63.632363,
              44.658367
            ],
            [
              -63.632334,
              44.658379
            ],
            [
              -63.632306,
              44.658392
            ],
            [
              -63.632279,
              44.658405
            ],
            [
              -63.632252,
              44.658418
            ],
            [
              -63.632232,
              44.658429
            ],
            [
              -63.632213,
              44.658439
            ],
            [
              -63.632193,
              44.65845
            ],
            [
              -63.632153,
              44.658476
            ],
            [
              -63.632114,
              44.658503
            ]
          ],
          [
            [
              -63.63248,
              44.658076
            ],
            [
              -63.632464,
              44.658106
            ],
            [
              -63.632448,
              44.658135
            ],
            [
              -63.632432,
              44.658165
            ],
            [
              -63.632419,
              44.658184
            ],
            [
              -63.632406,
              44.658202
            ],
            [
              -63.632393,
              44.65822
            ],
            [
              -63.632378,
              44.658238
            ],
            [
              -63.632363,
              44.658255
            ],
            [
              -63.632347,
              44.658272
            ],
            [
              -63.632331,
              44.658289
            ],
            [
              -63.632314,
              44.658306
            ],
            [
              -63.63228,
              44.658338
            ],
            [
              -63.632247,
              44.658371
            ],
            [
              -63.632214,
              44.658404
            ],
            [
              -63.63218,
              44.658437
            ],
            [
              -63.632147,
              44.65847
            ],
            [
              -63.632114,
              44.658503
            ]
          ],
          [
            [
              -63.63201,
              44.656577
            ],
            [
              -63.632009,
              44.656609
            ],
            [
              -63.632008,
              44.656641
            ],
            [
              -63.632009,
              44.656673
            ],
            [
              -63.632011,
              44.656705
            ],
            [
              -63.632013,
              44.656737
            ],
            [
              -63.632016,
              44.656769
            ],
            [
              -63.63202,
              44.656801
            ]
          ],
          [
            [
              -63.628893,
              44.659918
            ],
            [
              -63.628833,
              44.659926
            ],
            [
              -63.628772,
              44.659933
            ],
            [
              -63.628711,
              44.659941
            ],
            [
              -63.628651,
              44.659949
            ],
            [
              -63.62859,
              44.659957
            ]
          ],
          [
            [
              -63.632114,
              44.658503
            ],
            [
              -63.632072,
              44.658535
            ],
            [
              -63.63203,
              44.658568
            ],
            [
              -63.631988,
              44.658601
            ],
            [
              -63.631946,
              44.658634
            ],
            [
              -63.631904,
              44.658667
            ],
            [
              -63.631862,
              44.6587
            ],
            [
              -63.63182,
              44.658733
            ],
            [
              -63.631778,
              44.658766
            ],
            [
              -63.631736,
              44.658799
            ],
            [
              -63.631694,
              44.658832
            ],
            [
              -63.631652,
              44.658865
            ],
            [
              -63.63161,
              44.658898
            ],
            [
              -63.631568,
              44.658931
            ],
            [
              -63.631527,
              44.658964
            ],
            [
              -63.631487,
              44.658994
            ],
            [
              -63.631448,
              44.659025
            ],
            [
              -63.631408,
              44.659055
            ],
            [
              -63.631369,
              44.659085
            ],
            [
              -63.631329,
              44.659115
            ],
            [
              -63.63129,
              44.659145
            ],
            [
              -63.63125,
              44.659175
            ],
            [
              -63.631211,
              44.659206
            ],
            [
              -63.631172,
              44.659236
            ]
          ],
          [
            [
              -63.632086,
              44.655596
            ],
            [
              -63.632085,
              44.655638
            ],
            [
              -63.632084,
              44.65568
            ],
            [
              -63.632083,
              44.655722
            ],
            [
              -63.632082,
              44.655764
            ],
            [
              -63.63208,
              44.655805
            ],
            [
              -63.632079,
              44.655846
            ],
            [
              -63.632077,
              44.655886
            ],
            [
              -63.632075,
              44.655927
            ],
            [
              -63.632073,
              44.655968
            ],
            [
              -63.632071,
              44.656008
            ],
            [
              -63.632068,
              44.656049
            ],
            [
              -63.632065,
              44.65609
            ],
            [
              -63.632062,
              44.65613
            ],
            [
              -63.632059,
              44.656171
            ],
            [
              -63.632055,
              44.656212
            ],
            [
              -63.632052,
              44.656252
            ],
            [
              -63.632047,
              44.656293
            ],
            [
              -63.632041,
              44.656333
            ],
            [
              -63.632036,
              44.656374
            ],
            [
              -63.632031,
              44.656415
            ],
            [
              -63.632026,
              44.656455
            ],
            [
              -63.63202,
              44.656496
            ],
            [
              -63.632015,
              44.656536
            ],
            [
              -63.63201,
              44.656577
            ]
          ],
          [
            [
              -63.632095,
              44.654703
            ],
            [
              -63.632094,
              44.654747
            ],
            [
              -63.632094,
              44.654792
            ],
            [
              -63.632093,
              44.654837
            ],
            [
              -63.632093,
              44.654881
            ],
            [
              -63.632093,
              44.654926
            ],
            [
              -63.632092,
              44.654971
            ],
            [
              -63.632092,
              44.655015
            ],
            [
              -63.632091,
              44.65506
            ],
            [
              -63.632091,
              44.655105
            ],
            [
              -63.63209,
              44.655149
            ],
            [
              -63.63209,
              44.655194
            ],
            [
              -63.632089,
              44.655239
            ],
            [
              -63.632089,
              44.655283
            ],
            [
              -63.632088,
              44.655328
            ],
            [
              -63.632088,
              44.655373
            ],
            [
              -63.632088,
              44.655417
            ],
            [
              -63.632087,
              44.655462
            ],
            [
              -63.632087,
              44.655507
            ],
            [
              -63.632086,
              44.655551
            ],
            [
              -63.632086,
              44.655596
            ]
          ],
          [
            [
              -63.632295,
              44.657469
            ],
            [
              -63.632309,
              44.657511
            ],
            [
              -63.632324,
              44.657553
            ],
            [
              -63.632338,
              44.657594
            ],
            [
              -63.632353,
              44.657636
            ],
            [
              -63.632368,
              44.657678
            ],
            [
              -63.632382,
              44.657719
            ],
            [
              -63.632397,
              44.657761
            ],
            [
              -63.632411,
              44.657802
            ],
            [
              -63.632426,
              44.657844
            ],
            [
              -63.632431,
              44.65786
            ],
            [
              -63.63244,
              44.657892
            ],
            [
              -63.632449,
              44.657924
            ],
            [
              -63.632457,
              44.657957
            ],
            [
              -63.632465,
              44.657989
            ],
            [
              -63.632471,
              44.658022
            ],
            [
              -63.632476,
              44.658049
            ],
            [
              -63.63248,
              44.658076
            ]
          ],
          [
            [
              -63.631172,
              44.659236
            ],
            [
              -63.631133,
              44.659264
            ],
            [
              -63.631095,
              44.659293
            ],
            [
              -63.631057,
              44.659322
            ],
            [
              -63.631019,
              44.65935
            ],
            [
              -63.630981,
              44.659379
            ],
            [
              -63.630943,
              44.659408
            ],
            [
              -63.630904,
              44.659437
            ],
            [
              -63.630866,
              44.659466
            ],
            [
              -63.630827,
              44.659495
            ],
            [
              -63.630789,
              44.659524
            ],
            [
              -63.63075,
              44.659553
            ],
            [
              -63.630711,
              44.659583
            ]
          ],
          [
            [
              -63.630252,
              44.659726
            ],
            [
              -63.630191,
              44.659736
            ],
            [
              -63.63013,
              44.659745
            ],
            [
              -63.630068,
              44.659755
            ],
            [
              -63.630009,
              44.659763
            ],
            [
              -63.629949,
              44.659772
            ],
            [
              -63.629889,
              44.65978
            ],
            [
              -63.629829,
              44.659789
            ],
            [
              -63.62977,
              44.659797
            ],
            [
              -63.62971,
              44.659806
            ],
            [
              -63.62965,
              44.659814
            ],
            [
              -63.629591,
              44.659823
            ],
            [
              -63.629531,
              44.659831
            ],
            [
              -63.629471,
              44.65984
            ],
            [
              -63.629411,
              44.659848
            ]
          ],
          [
            [
              -63.630711,
              44.659583
            ],
            [
              -63.630686,
              44.659596
            ],
            [
              -63.63066,
              44.659609
            ],
            [
              -63.630634,
              44.659622
            ],
            [
              -63.630607,
              44.659634
            ],
            [
              -63.630579,
              44.659645
            ],
            [
              -63.630551,
              44.659655
            ],
            [
              -63.630523,
              44.659665
            ],
            [
              -63.630494,
              44.659675
            ],
            [
              -63.630465,
              44.659684
            ],
            [
              -63.630436,
              44.659692
            ],
            [
              -63.630406,
              44.659699
            ],
            [
              -63.630375,
              44.659706
            ],
            [
              -63.630345,
              44.659712
            ],
            [
              -63.630314,
              44.659718
            ],
            [
              -63.630283,
              44.659722
            ],
            [
              -63.630252,
              44.659726
            ]
          ]
        ]
      }
    }
  ]
}
